type,entity,source,cleaned_entity
ORG,VIII,63.pdf,viii
ORG,Insured,36.pdf,insured
ORG,UNO N Personnel,69.pdf,uno n personnel
ORG,Authority,2.pdf,authority
ORG,Hebelievesthatthemid-DecemberEUSummitinBrusselswillimpactontheUNConference,114.pdf,hebelievesthatthemid-decembereusummitinbrusselswillimpactontheunconference
ORG,the Information Technology Service,73.pdf,the information technology service
ORG,KVS,16.pdf,kvs
ORG,UNMIK Regulation No 1/,4.pdf,unmik regulation no 1
ORG,The Office for Coordination of Oversight of Public,2.pdf,the office for coordination of oversight of public
ORG,NZL,91.pdf,nzl
ORG,"the Bid 
Evaluation Committee",38.pdf,the bid evaluation committee
ORG,House,89.pdf,house
ORG,IV04/277/02,5.pdf,iv0427702
ORG,National Security Agency,107.pdf,national security agency
ORG,the UNMIK Kosovo Interim Administration’s,43.pdf,the unmik kosovo interim administrations
ORG,"the 
Public Enterprise Airport Pristina",9.pdf,the public enterprise airport pristina
ORG,UNMIK Bank  Account,52.pdf,unmik bank account
ORG,UNDP,26.pdf,undp
ORG,"Carbon Emissions
WikiLeaks",105.pdf,carbon emissions wikileaks
ORG,Divisional,8.pdf,divisional
ORG,Pillar,4.pdf,pillar
ORG,UNMIK Ba nk Account,52.pdf,unmik ba nk account
ORG,Department,51.pdf,department
ORG,the Department of Transport,39.pdf,the department of transport
ORG,ITF,10.pdf,itf
ORG,UNMIK Pillar IV,4.pdf,unmik pillar iv
ORG,Agenc,21.pdf,agenc
ORG,Office of Legal Affairs,24.pdf,office of legal affairs
ORG,"the Procurement 
Officer",4.pdf,the procurement officer
ORG,favou,38.pdf,favou
ORG,UNMIK Police Officer,49.pdf,unmik police officer
ORG,The Task Force’s,82.pdf,the task forces
ORG,"the United Nations 
Administrative Tribunal",69.pdf,the united nations administrative tribunal
ORG,the ATCS Management,2.pdf,the atcs management
ORG,the Investigations Division,63.pdf,the investigations division
ORG,"Investigation Task Force 
 
 
 
Investigation",39.pdf,investigation task force investigation
ORG,UNMIK Pillar IV,52.pdf,unmik pillar iv
ORG,"I. INTRODUCTION 
 
",63.pdf,i introduction
ORG,ITF,36.pdf,itf
ORG,NOFORN,107.pdf,noforn
ORG,Airport Engineer 1,39.pdf,airport engineer 1
ORG,Kosovo Trust Agency,2.pdf,kosovo trust agency
ORG,the X-Ray Contract,45.pdf,the x-ray contract
ORG,Division,2.pdf,division
ORG,KTA,14.pdf,kta
ORG,Consulting Firm,31.pdf,consulting firm
ORG,"the Evaluation 
Company",10.pdf,the evaluation company
ORG,the Procurement Regulation,1.pdf,the procurement regulation
ORG,Internal Audit Unit,14.pdf,internal audit unit
ORG,UNDP Brati,21.pdf,undp brati
ORG,U NON,21.pdf,u non
ORG,1 Report of Investigation,69.pdf,1 report of investigation
ORG,Sony,82.pdf,sony
ORG,PCCK,51.pdf,pcck
ORG,UNMIK Pil lar IV,49.pdf,unmik pil lar iv
ORG,Kand,15.pdf,kand
ORG,Army,4.pdf,army
ORG,Consulting Firm,11.pdf,consulting firm
ORG,a Bid Evaluation Committee,38.pdf,a bid evaluation committee
ORG,"the European 
Union",52.pdf,the european union
ORG,"UNMIK 
 
",36.pdf,unmik
ORG,the Cargo Department,51.pdf,the cargo department
ORG,Facility Application & Agreement Form,69.pdf,facility application agreement form
ORG,UNON,21.pdf,unon
ORG,Council,31.pdf,council
ORG,the Investigation Task Force,4.pdf,the investigation task force
ORG,the United Nations ST/SGB/2003/7,73.pdf,the united nations stsgb20037
ORG,ITF,14.pdf,itf
ORG,IECS,82.pdf,iecs
ORG,Internal Audit Department,35.pdf,internal audit department
ORG,"I. INTRODUCTION 
 
",10.pdf,i introduction
ORG,Pillar,51.pdf,pillar
ORG,The Capital Expenditure Approval,44.pdf,the capital expenditure approval
ORG,the Kosovo Trust Agency,4.pdf,the kosovo trust agency
ORG,KFOR,43.pdf,kfor
ORG,Council,11.pdf,council
ORG,Department of Agriculture,108.pdf,department of agriculture
ORG,Climate Change Officials,106.pdf,climate change officials
ORG,"UNITED NATIONS                                           NATIONS UNIES 
 
",26.pdf,united nations nations unies
ORG,IMIS,26.pdf,imis
ORG,Bank,26.pdf,bank
ORG,the Post-Conflict Assessment Unit,27.pdf,the post-conflict assessment unit
ORG,the Evaluation Committee,8.pdf,the evaluation committee
ORG,PEAP Offi,49.pdf,peap offi
ORG,AUS,107.pdf,aus
ORG,justi fication,4.pdf,justi fication
ORG,Public Procurement,43.pdf,public procurement
ORG,Ancillary Physical Services,4.pdf,ancillary physical services
ORG,the Finance Office,14.pdf,the finance office
ORG,VIII,24.pdf,viii
ORG,KFOR,5.pdf,kfor
ORG,"Intérimaire des Nations    
       Unies",45.pdf,intérimaire des nations unies
ORG,Contr,45.pdf,contr
ORG,the Investigation Task Force,49.pdf,the investigation task force
ORG,Pentium III Toshiba,82.pdf,pentium iii toshiba
ORG,UNAT,69.pdf,unat
ORG,"the UNMIK 
Office of the Legal Adviser",10.pdf,the unmik office of the legal adviser
ORG,the United Nations,63.pdf,the united nations
ORG,Kosovo Trust Agency,38.pdf,kosovo trust agency
ORG,"BACKGROUND INFORMATION 
 
2",47.pdf,background information 2
ORG,UNMIL’s Spec ial Investigation Unit,63.pdf,unmils spec ial investigation unit
ORG,STRICTLY,21.pdf,strictly
ORG,Public Procurement,5.pdf,public procurement
ORG,Investigation Task Force,36.pdf,investigation task force
ORG,Nokia 8850,2.pdf,nokia 8850
ORG,the Bid Opening Co,14.pdf,the bid opening co
ORG,the Air Traffic Control Services,39.pdf,the air traffic control services
ORG,Airport,8.pdf,airport
ORG,"APPLICABLE  LAWS 
 
2",26.pdf,applicable laws 2
ORG,Ministry of Agriculture Forestry and Fisheries,108.pdf,ministry of agriculture forestry and fisheries
ORG,KFOR,31.pdf,kfor
ORG,Financial Investigation Unit,13.pdf,financial investigation unit
ORG,the Ministry of Finance,14.pdf,the ministry of finance
ORG,Divisional,10.pdf,divisional
ORG,The Finance Department,21.pdf,the finance department
ORG,"the Aircraft ""Load Sheets",47.pdf,the aircraft load sheets
ORG,"DPKO 
Ipav",35.pdf,dpko ipav
ORG,"the Provisional 
Criminal Code of",52.pdf,the provisional criminal code of
ORG,the Slovakian Police,21.pdf,the slovakian police
ORG,KCB,16.pdf,kcb
ORG,UNMIK Fi,10.pdf,unmik fi
ORG,• Employees,31.pdf,employees
ORG,Airport,13.pdf,airport
ORG,the Task Force,82.pdf,the task force
ORG,KFOR,11.pdf,kfor
ORG,The United Nations Office,21.pdf,the united nations office
ORG,"the Annex 
Agreement",5.pdf,the annex agreement
ORG,Kosovo Force,10.pdf,kosovo force
ORG,the Immigration Department,47.pdf,the immigration department
ORG,Head of Department,2.pdf,head of department
ORG,Pillar,39.pdf,pillar
ORG,"the Goods, Works or Services",4.pdf,the goods works or services
ORG,DOTI,39.pdf,doti
ORG,the OIOS Investigators,24.pdf,the oios investigators
ORG,the Ministry,105.pdf,the ministry
ORG,HCC,82.pdf,hcc
ORG,• Employees,11.pdf,employees
ORG,STRICTLY,2.pdf,strictly
ORG,"the Evaluation 
Committee",39.pdf,the evaluation committee
ORG,UNMIK Bank Subject Account,52.pdf,unmik bank subject account
ORG,"the 
African Centre for Women",26.pdf,the african centre for women
ORG,"Intérimaire des Nations    
       Unies",1.pdf,intérimaire des nations unies
ORG,the Bid Evaluat ion Committee,14.pdf,the bid evaluat ion committee
ORG,"Unconventional 
 
International",107.pdf,unconventional international
ORG,ATCS bank,2.pdf,atcs bank
ORG,Security Council Resolution 1244,16.pdf,security council resolution 1244
ORG,Procure,39.pdf,procure
ORG,"the Chartered 
Accountants",10.pdf,the chartered accountants
ORG,the Investigation Task Force,11.pdf,the investigation task force
ORG,the Executive Decision,52.pdf,the executive decision
ORG,Council,4.pdf,council
ORG,Pillar,9.pdf,pillar
ORG,the  Department of Justice,36.pdf,the department of justice
ORG,Organization,24.pdf,organization
ORG,Co-Perpetration,51.pdf,co-perpetration
ORG,the Cargo Department Finance Office,51.pdf,the cargo department finance office
ORG,"Japanesediplomatic
Z-3",113.pdf,japanesediplomatic z-3
ORG,Tender Documents,4.pdf,tender documents
ORG,Negroponte and US Government Officials    ,24.pdf,negroponte and us government officials
ORG,Investigat,52.pdf,investigat
ORG,Self-Government,2.pdf,self-government
ORG,"the Office of Internal 
Oversight Services",69.pdf,the office of internal oversight services
ORG,"I.  INTRODUCTION 
 
",52.pdf,i introduction
ORG,"United Nations Child ren’s Fund/Somalia Support 
Centre",69.pdf,united nations child rens fundsomalia support centre
ORG,ID/OIOS,21.pdf,idoios
ORG,Transportation,14.pdf,transportation
ORG,"the 
Department of Justice",13.pdf,the department of justice
ORG,EAR,16.pdf,ear
ORG,SECRET//COMINT//REL TO USA,107.pdf,secretcomintrel to usa
ORG,5the Task Force,82.pdf,5the task force
ORG,"BACKGROUND INFORMATION 
 
4",73.pdf,background information 4
ORG,Finance,51.pdf,finance
ORG,UNMIK,16.pdf,unmik
ORG,NEC,82.pdf,nec
ORG,Customs Service,51.pdf,customs service
ORG,"the 
Public Enterprise Airport Pristina",31.pdf,the public enterprise airport pristina
ORG,Committee,38.pdf,committee
ORG,NOFORN,89.pdf,noforn
ORG,the Kosovo Trust Agency,39.pdf,the kosovo trust agency
ORG,UNMIK Kosovo Interim Administration’s,4.pdf,unmik kosovo interim administrations
ORG,United Nations Sec,43.pdf,united nations sec
ORG,"Assembly of Kosovo – Law on Public 
Financial Management and Accountability 2003/2",45.pdf,assembly of kosovo law on public financial management and accountability 20032
ORG,the Department of Transport,5.pdf,the department of transport
ORG,The DCDM Audit Report,52.pdf,the dcdm audit report
ORG,"the 
Public Enterprise Airport Pristina",11.pdf,the public enterprise airport pristina
ORG,"INVESTIGATION TASK FORCE 
 
Allegations of Bribes/Kickbacks for Employment",13.pdf,investigation task force allegations of bribeskickbacks for employment
ORG,IOV,21.pdf,iov
ORG,Dickson Mzumara,24.pdf,dickson mzumara
ORG,METHODOLOGY,26.pdf,methodology
ORG,"the UNMIK 
Office of the Legal Adviser",43.pdf,the unmik office of the legal adviser
ORG,"KWolfgangKNikolaus,",15.pdf,kwolfgangknikolaus
ORG,the Airport General Services,47.pdf,the airport general services
ORG,Top Secret US National Security Agency,89.pdf,top secret us national security agency
ORG,the UNMIK Kosovo Interim Administration’s,8.pdf,the unmik kosovo interim administrations
ORG,the Bid Opening Committee (Procureme nt Officer 1 and,14.pdf,the bid opening committee procureme nt officer 1 and
ORG,U NON,69.pdf,u non
ORG,Investigation Task Force,5.pdf,investigation task force
ORG,United Nations Sec,5.pdf,united nations sec
ORG,Credit Society Lim,69.pdf,credit society lim
ORG,United Nations Security Co,52.pdf,united nations security co
ORG,"Tenders” 
 
Allegation 3 : that",14.pdf,tenders allegation 3 that
ORG,the Kosovo Trust Agency,9.pdf,the kosovo trust agency
ORG,the Department of Transport,31.pdf,the department of transport
ORG,"Kosovo  
 
 Investigation Task Force",2.pdf,kosovo investigation task force
ORG,the Finance Department,14.pdf,the finance department
ORG,Vendor,43.pdf,vendor
ORG,Provisional Self-Government,52.pdf,provisional self-government
ORG,Cabinet,107.pdf,cabinet
ORG,Gender Development,26.pdf,gender development
ORG,TCIL,82.pdf,tcil
ORG,the Department of Transport,11.pdf,the department of transport
ORG,an Economic Commission of  Africa,26.pdf,an economic commission of africa
ORG,"Intérimaire des Nations    
       Unies",13.pdf,intérimaire des nations unies
ORG,Central Procurement Entity,16.pdf,central procurement entity
ORG,"Consolidated Budget 
Fund",5.pdf,consolidated budget fund
ORG,"U NMIK Finance Administrative 
Instruction 1999/2",5.pdf,u nmik finance administrative instruction 19992
ORG,the Chartered Accountants,52.pdf,the chartered accountants
ORG,Organization:National Security Agency,89.pdf,organizationnational security agency
ORG,UNMIK,52.pdf,unmik
ORG,the Airport Management,44.pdf,the airport management
ORG,EVIDENCE,24.pdf,evidence
ORG,UN-SACCO Management,69.pdf,un-sacco management
ORG,the Investigation Task Force,10.pdf,the investigation task force
ORG,Headquarters Committee on Contracts (H CC,82.pdf,headquarters committee on contracts h cc
ORG,Kosovo Force,5.pdf,kosovo force
ORG,KTA Internal Audit,38.pdf,kta internal audit
ORG,"DM 14,357,949",31.pdf,dm 14357949
ORG,IAD1/OIO S.,63.pdf,iad1oio s
ORG,UNMIK Finance Administrative Instruction,4.pdf,unmik finance administrative instruction
ORG,"the United 
Nations Co-operative",69.pdf,the united nations co-operative
ORG,NSA,108.pdf,nsa
ORG,Identification & Registration,16.pdf,identification registration
ORG,PRIO,16.pdf,prio
ORG,Secretariat,24.pdf,secretariat
ORG,"the Department of 
Justice",51.pdf,the department of justice
ORG,STRICTLY,69.pdf,strictly
ORG,"DM 14,357,949",11.pdf,dm 14357949
ORG,Department 1,2.pdf,department 1
ORG,"the 
  UNON/ITS Staff",73.pdf,the unonits staff
ORG,UNEP Staff,27.pdf,unep staff
ORG,"U N I T E D   N A T I O N S 
 
 
 
Office of Internal Oversight Services 
Investigations Division",63.pdf,u n i t e d n a t i o n s office of internal oversight services investigations division
ORG,Organisation:National Security Agency,105.pdf,organisationnational security agency
ORG,Inter Office Vouchers,21.pdf,inter office vouchers
ORG,Financial Regulation,27.pdf,financial regulation
ORG,CPE,10.pdf,cpe
ORG,National Security Agency,105.pdf,national security agency
ORG,"the 
Public Enterprise Airport Pristina",4.pdf,the public enterprise airport pristina
ORG,MTOW,47.pdf,mtow
ORG,Kosovo Consolidated Budget Funds,4.pdf,kosovo consolidated budget funds
ORG,Tender Documents,39.pdf,tender documents
ORG,MFA,107.pdf,mfa
ORG,ITF,2.pdf,itf
ORG,UNEPIPCAU Consultant,27.pdf,unepipcau consultant
ORG,the Rescue Fire Fighting Ser,5.pdf,the rescue fire fighting ser
ORG,Capital Expenditure Approval,45.pdf,capital expenditure approval
ORG,The Directorate of Rural Affairs,16.pdf,the directorate of rural affairs
ORG,UNDP Bratislava,21.pdf,undp bratislava
ORG,the Air Traffic Control Services,5.pdf,the air traffic control services
ORG,"U N I T E D   N A T I O N S 
 
 
 
Office of Internal Oversight Services 
Investigations Division",60.pdf,u n i t e d n a t i o n s office of internal oversight services investigations division
ORG,"JapaneseMinisterofAgriculture,Forestry",110.pdf,japaneseministerofagricultureforestry
ORG,Participant 1,26.pdf,participant 1
ORG,UNMIK Regulation No 1/,43.pdf,unmik regulation no 1
ORG,instru,51.pdf,instru
ORG,Kosovar,47.pdf,kosovar
ORG,Vendor,45.pdf,vendor
ORG,Airline 2,51.pdf,airline 2
ORG,Council,63.pdf,council
ORG,VALA,2.pdf,vala
ORG,Pillar,43.pdf,pillar
ORG,"INVESTIGATION TASK FORCE 
 
Investigation into Allegations of Bribery",14.pdf,investigation task force investigation into allegations of bribery
ORG,UNMIK Regulation No 1/,5.pdf,unmik regulation no 1
ORG,NOFORN,105.pdf,noforn
ORG,"BACKGROUND INFORMATION 
 
4",39.pdf,background information 4
ORG,the  Office of Internal Oversight Services,63.pdf,the office of internal oversight services
ORG,"the 
Department of Justice",14.pdf,the department of justice
ORG,"RECOMMENDATIONS 
 
Based",73.pdf,recommendations based
ORG,the Air Traffic Control Services,31.pdf,the air traffic control services
ORG,"The Investigations Division, Office of Internal Ove rsight Services",26.pdf,the investigations division office of internal ove rsight services
ORG,the Divisional Mana,4.pdf,the divisional mana
ORG,the ATCS Procurem,5.pdf,the atcs procurem
ORG,the Prishtina Airpor,2.pdf,the prishtina airpor
ORG,Human Rights Organizations,24.pdf,human rights organizations
ORG,Pillar,5.pdf,pillar
ORG,ID/OIO S,26.pdf,idoio s
ORG,KTA,38.pdf,kta
ORG,the Civil Administration,4.pdf,the civil administration
ORG,I - Allegations,13.pdf,i - allegations
ORG,Danoffice,82.pdf,danoffice
ORG,UNMIK Pillar IV,5.pdf,unmik pillar iv
ORG,Internal Audit Unit,38.pdf,internal audit unit
ORG,UNOPS,27.pdf,unops
ORG,UNMIK Regulation No 1/,31.pdf,unmik regulation no 1
ORG,Transport and Infrastructure,43.pdf,transport and infrastructure
ORG,the Air Traffic Control Services,11.pdf,the air traffic control services
ORG,the Information Technology Services Division,82.pdf,the information technology services division
ORG,Netanyahusaid,112.pdf,netanyahusaid
ORG,NZL,107.pdf,nzl
ORG,"BACKGROUND INFORMATION 
 
4",9.pdf,background information 4
ORG,Pillar,31.pdf,pillar
ORG,the Consulting Firm,5.pdf,the consulting firm
ORG,Council,10.pdf,council
ORG,UNMUK,35.pdf,unmuk
ORG,DOTI,31.pdf,doti
ORG,UNMIK Regulation No 1/,11.pdf,unmik regulation no 1
ORG,KITFK,15.pdf,kitfk
ORG,ITF,38.pdf,itf
ORG,positivesignalsandcontinuedleadershipfromtheEU,114.pdf,positivesignalsandcontinuedleadershipfromtheeu
ORG,The Ta sk Force,82.pdf,the ta sk force
ORG,Pillar,11.pdf,pillar
ORG,OIC,24.pdf,oic
ORG,the ATCS Employee,5.pdf,the atcs employee
ORG,Judicial Authorities,51.pdf,judicial authorities
ORG,DOTI,11.pdf,doti
ORG,UNMIK,39.pdf,unmik
ORG,Intérimaire des Nations,52.pdf,intérimaire des nations
ORG,"the ""Load Sheets",47.pdf,the load sheets
ORG,the Procure ment Regulation,44.pdf,the procure ment regulation
ORG,EU Council,111.pdf,eu council
ORG,Facilities Management Section,24.pdf,facilities management section
ORG,"APPLICABLE LEGAL NORMS 
 
Staff Regulation",63.pdf,applicable legal norms staff regulation
ORG,PE AP,44.pdf,pe ap
ORG,FVEY,112.pdf,fvey
ORG,The Investigations Division of the Office of Internal Oversight Services,27.pdf,the investigations division of the office of internal oversight services
ORG,the Kosovo Trust Agency,43.pdf,the kosovo trust agency
ORG,the Passeng er Handling Services,47.pdf,the passeng er handling services
ORG,the Finance Office,38.pdf,the finance office
ORG,Mauritius,26.pdf,mauritius
ORG,Flat Display Information System,1.pdf,flat display information system
ORG,the Investigation Task Force,5.pdf,the investigation task force
ORG,the Authority of the Interim Administration,52.pdf,the authority of the interim administration
ORG,the “Gotive H41,16.pdf,the gotive h41
ORG,KTA Procure,49.pdf,kta procure
ORG,UNMIK Finance Regulation,43.pdf,unmik finance regulation
ORG,Pillar,45.pdf,pillar
ORG,ITF,51.pdf,itf
ORG,Intérimaire des Nations,44.pdf,intérimaire des nations
ORG,the Rescue Fire Fighting Service,5.pdf,the rescue fire fighting service
ORG,"the Finance 
Administration Instruction 1999/2",45.pdf,the finance administration instruction 19992
ORG,IATA,31.pdf,iata
ORG,UNMIK,9.pdf,unmik
ORG,Barclays Bank PLC Independenc,26.pdf,barclays bank plc independenc
ORG,UNMIK Bank Accounts,52.pdf,unmik bank accounts
ORG,the D/SRSG Pillar IV,8.pdf,the dsrsg pillar iv
ORG,"I. INTRODUCTION 
 
",8.pdf,i introduction
ORG,KFOR,10.pdf,kfor
ORG,the Bid Opening Co,38.pdf,the bid opening co
ORG,TCS,2.pdf,tcs
ORG,UNMIK Civil Administration,16.pdf,unmik civil administration
ORG,Favou,14.pdf,favou
ORG,"the Bid Evaluation 
Committee",14.pdf,the bid evaluation committee
ORG,the Ministry of Finance,38.pdf,the ministry of finance
ORG,Ancillary Physical Services,5.pdf,ancillary physical services
ORG,PDA,16.pdf,pda
ORG,IATA,11.pdf,iata
ORG,Misappropriation in Office,51.pdf,misappropriation in office
ORG,the Kosovo Trust Agency,31.pdf,the kosovo trust agency
ORG,Justice,36.pdf,justice
ORG,UNIC EF/Somalia Management,69.pdf,unic efsomalia management
ORG,KPS Officer,13.pdf,kps officer
ORG,United Nations Sec,8.pdf,united nations sec
ORG,the Passenger Handling Services Department,47.pdf,the passenger handling services department
ORG,Specialist,49.pdf,specialist
ORG,EIA,16.pdf,eia
ORG,The Capital Expenditure Approval,45.pdf,the capital expenditure approval
ORG,UNMIL,63.pdf,unmil
ORG,UNICEF/Somalia,69.pdf,unicefsomalia
ORG,the Eval uation Committee,8.pdf,the eval uation committee
ORG,the Kosovo Trust Agency,11.pdf,the kosovo trust agency
ORG,SouthKorea,113.pdf,southkorea
ORG,the Border Boundary P,49.pdf,the border boundary p
ORG,Division,26.pdf,division
ORG,Barclays in Seychelles,26.pdf,barclays in seychelles
ORG,ID/OIOS Investigation,69.pdf,idoios investigation
ORG,the Bid Evaluat ion Committee,38.pdf,the bid evaluat ion committee
ORG,UNON Management,69.pdf,unon management
ORG,Insurance Company 1,36.pdf,insurance company 1
ORG,IAD-1/OIOS,63.pdf,iad-1oios
ORG,"the Chartered 
Accountants",2.pdf,the chartered accountants
ORG,the United Nations,73.pdf,the united nations
ORG,Euro,49.pdf,euro
ORG,Reducing Carbon Emissions,105.pdf,reducing carbon emissions
ORG,"the 
Procurement Department",82.pdf,the procurement department
ORG,Confidential G-8 Proposals,107.pdf,confidential g-8 proposals
ORG,DOTI,4.pdf,doti
ORG,"BACKGROUND INFORMATION 
 
3",63.pdf,background information 3
ORG,ITF,39.pdf,itf
ORG,III - Investigative Details,13.pdf,iii - investigative details
ORG,BACKGROUND,2.pdf,background
ORG,"the Office of Internal Oversight 
Services",82.pdf,the office of internal oversight services
ORG,the Civil Administration,39.pdf,the civil administration
ORG,bee n,2.pdf,bee n
ORG,Kosovo Force,8.pdf,kosovo force
ORG,Council,43.pdf,council
ORG,"the Transport 
Sector of the UNMIK Directorate of Infrastructure A",39.pdf,the transport sector of the unmik directorate of infrastructure a
ORG,The Investigation Task Force,36.pdf,the investigation task force
ORG,Divisional Ma,5.pdf,divisional ma
ORG,3the procurement department,82.pdf,3the procurement department
ORG,Z-3/OO/550156-11,111.pdf,z-3oo550156-11
ORG,Transportation,38.pdf,transportation
ORG,Tender Documents,43.pdf,tender documents
ORG,the Office of the Legal Adviser,43.pdf,the office of the legal adviser
ORG,Company/Insuranc e Company 1,36.pdf,companyinsuranc e company 1
ORG,I. METHODOLOGY,39.pdf,i methodology
ORG,ITF,9.pdf,itf
ORG,Council,5.pdf,council
ORG,Unde,82.pdf,unde
ORG,"the 
Public Enterprise Airport Pristina",10.pdf,the public enterprise airport pristina
ORG,UNMIK,35.pdf,unmik
ORG,"the Chartered 
Accountants",8.pdf,the chartered accountants
ORG,the Investigations Division,69.pdf,the investigations division
ORG,Finance,26.pdf,finance
ORG,Chartered Account,31.pdf,chartered account
ORG,the Cargo Apron,43.pdf,the cargo apron
ORG,Engineer,39.pdf,engineer
ORG,Iraq Survey Group,91.pdf,iraq survey group
ORG,Airport Pristina,51.pdf,airport pristina
ORG,Section VI “Technical Spec,16.pdf,section vi technical spec
ORG,Airline,47.pdf,airline
ORG,ECA,26.pdf,eca
ORG,"2 
 
Provisional Criminal Code of",38.pdf,2 provisional criminal code of
ORG,"BACKGROUND INFORMATION 
 
4",43.pdf,background information 4
ORG,VAT,16.pdf,vat
ORG,Chartered Account,11.pdf,chartered account
ORG,the Bid Opening Committee (Procureme nt Officer 1 and,38.pdf,the bid opening committee procureme nt officer 1 and
ORG,YCAA,35.pdf,ycaa
ORG,Senate,24.pdf,senate
ORG,NSA,107.pdf,nsa
ORG,OHRMS,24.pdf,ohrms
ORG,The Investigations Division of the Office of Int ernal Oversight Services,60.pdf,the investigations division of the office of int ernal oversight services
ORG,H CC minutes,82.pdf,h cc minutes
ORG,Immigration Department,47.pdf,immigration department
ORG,"SIU Investigation SIU/MON/0090/04  
 
",63.pdf,siu investigation siumon009004
ORG,Organization,69.pdf,organization
ORG,the United Nations Environmental Programme,27.pdf,the united nations environmental programme
ORG,Z­3/OO/4448­08,106.pdf,z3oo444808
ORG,UNDP,21.pdf,undp
ORG,"BACKGROUND INFORMATION 
 
4",5.pdf,background information 4
ORG,TS//SI//NF)EU,110.pdf,tssinfeu
ORG,the Letter of Notification,45.pdf,the letter of notification
ORG,the Investigation Task Force UNMIK/ED/2003/16,2.pdf,the investigation task force unmiked200316
ORG,the Finance Department,38.pdf,the finance department
ORG,United Nations Sec,10.pdf,united nations sec
ORG,Oil For Food,91.pdf,oil for food
ORG,"Investigation Task Force 
 
Allegation of Possible Bribery",49.pdf,investigation task force allegation of possible bribery
ORG,UNHQ,21.pdf,unhq
ORG,the United Nation s Mission,63.pdf,the united nation s mission
ORG,Birol,106.pdf,birol
ORG,the Independent Inquiry Committee,82.pdf,the independent inquiry committee
ORG,UNEP Narobi,21.pdf,unep narobi
ORG,"the 
Organization",63.pdf,the organization
ORG,CITS,82.pdf,cits
ORG,the Evaluatio n Committee,8.pdf,the evaluatio n committee
ORG,Ministry of Foreign Affairs,105.pdf,ministry of foreign affairs
ORG,CONCLUSIONS,47.pdf,conclusions
ORG,Kosovo Police Service,13.pdf,kosovo police service
ORG,justi fication memorandum,9.pdf,justi fication memorandum
ORG,Pillar,13.pdf,pillar
ORG,a Secret US National Security Agency,108.pdf,a secret us national security agency
ORG,UNMIK Bank Subject,52.pdf,unmik bank subject
ORG,the Flat Information Display System,44.pdf,the flat information display system
ORG,STRICTLY,16.pdf,strictly
ORG,Ministry of Economy Trade and Industry,106.pdf,ministry of economy trade and industry
ORG,UNMIK,43.pdf,unmik
ORG,Prishtina Air,2.pdf,prishtina air
ORG,Divisional,39.pdf,divisional
ORG,UNON,73.pdf,unon
ORG,the Bid Opening Committee,14.pdf,the bid opening committee
ORG,Vendor,10.pdf,vendor
ORG,Internationa l Money Transfer,52.pdf,internationa l money transfer
ORG,the United Nations,69.pdf,the united nations
ORG,Kosovo Consolidated Budget  Funds,5.pdf,kosovo consolidated budget funds
ORG,the ministry's,108.pdf,the ministrys
ORG,United,27.pdf,united
ORG,Field Procurement,82.pdf,field procurement
ORG,"BACKGROUND INFORMATION 
 
",49.pdf,background information
ORG,Register,26.pdf,register
ORG,Barclay  Bank,26.pdf,barclay bank
ORG,ITF,35.pdf,itf
ORG,the United Nations Mission,60.pdf,the united nations mission
ORG,Vendor 5,16.pdf,vendor 5
ORG,the Post-Conflict Assessment Unit (PCAU,27.pdf,the post-conflict assessment unit pcau
ORG,DPA,73.pdf,dpa
ORG,OIOS,82.pdf,oios
ORG,Bid Eva luation Committee,14.pdf,bid eva luation committee
ORG,BerndPfaffenback,113.pdf,berndpfaffenback
ORG,MFA,105.pdf,mfa
ORG,the African Cen,26.pdf,the african cen
ORG,PPRB,5.pdf,pprb
ORG,BACKGROUND INFORMATION,52.pdf,background information
ORG,UNMIK,31.pdf,unmik
ORG,ID/OIOS Investigators,26.pdf,idoios investigators
ORG,the Investigation Task Force,8.pdf,the investigation task force
ORG,UNEP,27.pdf,unep
ORG,Airlines,31.pdf,airlines
ORG,PEA,4.pdf,pea
ORG,"Investigation Task Force 
 
Alleged Irregularities",52.pdf,investigation task force alleged irregularities
ORG,Kosovo Trust Age,45.pdf,kosovo trust age
ORG,Department,36.pdf,department
ORG,the Cargo Handling Office,51.pdf,the cargo handling office
ORG,the Border Police Investigations Unit,49.pdf,the border police investigations unit
ORG,STRICTLY,73.pdf,strictly
ORG,"the 
Public Enterprise Airport Pristina",43.pdf,the public enterprise airport pristina
ORG,Dell,82.pdf,dell
ORG,Kosovo Consolidated Budget Funds,43.pdf,kosovo consolidated budget funds
ORG,the Airpor t Handling Services Department,47.pdf,the airpor t handling services department
ORG,the Capital Expenditure,45.pdf,the capital expenditure
ORG,UNMIK,11.pdf,unmik
ORG,"the Kosovo Trust 
Agency",52.pdf,the kosovo trust agency
ORG,"the Subject UNMIK Bank 
Account",52.pdf,the subject unmik bank account
ORG,National Security Agency,89.pdf,national security agency
ORG,Airlines,11.pdf,airlines
ORG,Manchester Technologies,82.pdf,manchester technologies
ORG,Managing Partner,82.pdf,managing partner
ORG,Peacekeeping Investigations Unit,35.pdf,peacekeeping investigations unit
ORG,"the 
Public Enterprise Airport Pristina",5.pdf,the public enterprise airport pristina
ORG,Vendor,14.pdf,vendor
ORG,"INVESTIGATION TASK FORCE 
 
Investigation into Allegations of Bribery",38.pdf,investigation task force investigation into allegations of bribery
ORG,PEA,49.pdf,pea
ORG,the Official Status Files,69.pdf,the official status files
ORG,"the 
Department of Justice",38.pdf,the department of justice
ORG,KCC,51.pdf,kcc
ORG,UNMIK CIVPOL,47.pdf,unmik civpol
ORG,Pristina Air,8.pdf,pristina air
ORG,the American Government,24.pdf,the american government
ORG,KID/OIOSK,15.pdf,kidoiosk
ORG,UNMIK,45.pdf,unmik
ORG,VAT,51.pdf,vat
ORG,UNMIK Regulation No 1/,10.pdf,unmik regulation no 1
ORG,UNICEF,69.pdf,unicef
ORG,"K
K
7.K ITF",15.pdf,k k 7k itf
ORG,Gotive H41 IB,16.pdf,gotive h41 ib
ORG,the ATCS Financ e Office,2.pdf,the atcs financ e office
ORG,Pillar,10.pdf,pillar
ORG,Airport En,5.pdf,airport en
ORG,the Civil Administration,43.pdf,the civil administration
ORG,UNITED NATIONS                                            NATIONS,24.pdf,united nations nations
ORG,the Procurement Official,43.pdf,the procurement official
ORG,UN System,24.pdf,un system
ORG,STRICTLY,82.pdf,strictly
ORG,"UNITED NATIONS  
 
 
 
 
 
 
Investigation Task Force",2.pdf,united nations investigation task force
ORG,"the Transport 
Sector of the UNMIK Directorate of Infrastructure A",43.pdf,the transport sector of the unmik directorate of infrastructure a
ORG,PPFD,26.pdf,ppfd
ORG,the Civil Administration,5.pdf,the civil administration
ORG,Airport Engineer 1,43.pdf,airport engineer 1
ORG,Organizatio,24.pdf,organizatio
ORG,Consulting Firm,8.pdf,consulting firm
ORG,Airport,39.pdf,airport
ORG,Lusaka,24.pdf,lusaka
ORG,Transport and Infrastructure,10.pdf,transport and infrastructure
ORG,the Integrated Management Informat ion System,26.pdf,the integrated management informat ion system
ORG,the Insurance Company 1 Contract Policy,36.pdf,the insurance company 1 contract policy
ORG,US National Security Agency,106.pdf,us national security agency
ORG,ST/SGB/2003/7,26.pdf,stsgb20037
ORG,"the Transport 
Sector of the UNMIK Directorate of Infrastructure A",5.pdf,the transport sector of the unmik directorate of infrastructure a
ORG,Participant,26.pdf,participant
ORG,NOFORN,106.pdf,noforn
ORG,Slovakia,21.pdf,slovakia
ORG,ITB,16.pdf,itb
ORG,KPristinaKAirportKstaffKcouldKnotK,15.pdf,kpristinakairportkstaffkcouldknotk
ORG,the Financial Investigati on Unit,14.pdf,the financial investigati on unit
ORG,ITF,31.pdf,itf
ORG,"Credit 
Committee",69.pdf,credit committee
ORG,European Union,106.pdf,european union
ORG,Eastern,26.pdf,eastern
ORG,UNON,69.pdf,unon
ORG,the Civil Administration,31.pdf,the civil administration
ORG,DPKO,82.pdf,dpko
ORG,KOCB,1.pdf,kocb
ORG,UNMIK Regulations,45.pdf,unmik regulations
ORG,Management Committee,69.pdf,management committee
ORG,"Telecommunications 
Consultants of India (TCIL",82.pdf,telecommunications consultants of india tcil
ORG,UNMIK,4.pdf,unmik
ORG,Release List,91.pdf,release list
ORG,Council,8.pdf,council
ORG,Consulting Company,4.pdf,consulting company
ORG,the Air BP,52.pdf,the air bp
ORG,UNMIK,1.pdf,unmik
ORG,"the Transport 
Sector of the UNMIK Directorate of Infrastructure A",31.pdf,the transport sector of the unmik directorate of infrastructure a
ORG,the Kosovo Organised Crime Bureau,1.pdf,the kosovo organised crime bureau
ORG,ITF,11.pdf,itf
ORG,OIOS,63.pdf,oios
ORG,AUS,91.pdf,aus
ORG,the Civil Administration,11.pdf,the civil administration
ORG,UNMIK Department of Justic,1.pdf,unmik department of justic
ORG,the un iforms,14.pdf,the un iforms
ORG,Pub lic Procurement,5.pdf,pub lic procurement
ORG,UNMIK Pillar IV,14.pdf,unmik pillar iv
ORG,Kosovar,13.pdf,kosovar
ORG,"Airport 
Engineer",49.pdf,airport engineer
ORG,Internal Oversight Unit,16.pdf,internal oversight unit
ORG,"the Transport 
Sector of the UNMIK Directorate of Infrastructure A",11.pdf,the transport sector of the unmik directorate of infrastructure a
ORG,the Kosovo Trust Agency,10.pdf,the kosovo trust agency
ORG,KTA,2.pdf,kta
ORG,a Bid Evaluation Committee,14.pdf,a bid evaluation committee
ORG,"United Nations Interim 
Administration Mission",51.pdf,united nations interim administration mission
ORG,Direct Single Source Procurement,4.pdf,direct single source procurement
ORG,UNMIK Finance Regulation,10.pdf,unmik finance regulation
ORG,UNMIK,49.pdf,unmik
ORG,the Evaluation Company,43.pdf,the evaluation company
ORG,"International
Energy Agency",106.pdf,international energy agency
ORG,"INVESTIGATION TASK FORCE 
 
Allegation",51.pdf,investigation task force allegation
ORG,UNMIK,44.pdf,unmik
ORG,Telecommunication Consultants,82.pdf,telecommunication consultants
ORG,CONCLUSIONS,5.pdf,conclusions
ORG,"K 
 K
REFERENCE",15.pdf,k k reference
ORG,the International Energy Agency,106.pdf,the international energy agency
ORG,Company,52.pdf,company
ORG,Organization,27.pdf,organization
ORG,the ATCS Finance,2.pdf,the atcs finance
ORG,KFOR,8.pdf,kfor
ORG,the UNMIK Public Procurement Regula,43.pdf,the unmik public procurement regula
ORG,the Cargo Apron Extension,43.pdf,the cargo apron extension
ORG,The Investigation Task Force,2.pdf,the investigation task force
ORG,Space Corporation,89.pdf,space corporation
ORG,"Investigation Task Force 
 
 
Irregularities",4.pdf,investigation task force irregularities
ORG,Fujitsu,82.pdf,fujitsu
ORG,SFRY,51.pdf,sfry
ORG,Personnel Status File,24.pdf,personnel status file
ORG,DOTI,43.pdf,doti
ORG,CONCLUSIONS,26.pdf,conclusions
ORG,Sec,63.pdf,sec
ORG,Veterinary Services &,16.pdf,veterinary services
ORG,"La Cresta 
Communications",82.pdf,la cresta communications
ORG,the UNMIK Kosovo Interim Administration’s,39.pdf,the unmik kosovo interim administrations
ORG,ITF,4.pdf,itf
ORG,UNICEF/Soma,69.pdf,unicefsoma
ORG,Procurement Offi,14.pdf,procurement offi
ORG,the Letter of Not,45.pdf,the letter of not
ORG,the United Nations,27.pdf,the united nations
ORG,DOTI,5.pdf,doti
ORG,the Investigations Division of Office of Internal Oversight Services,73.pdf,the investigations division of office of internal oversight services
ORG,Airport,35.pdf,airport
ORG,Company,51.pdf,company
ORG,Divisional,31.pdf,divisional
ORG,ATCS Finance Office,2.pdf,atcs finance office
ORG,ITF,52.pdf,itf
ORG,Justice,51.pdf,justice
ORG,DPKO,63.pdf,dpko
ORG,White House,24.pdf,white house
ORG,Executive,24.pdf,executive
ORG,"the Pristina Airpo rt General Services 
Department",52.pdf,the pristina airpo rt general services department
ORG,Divisional,11.pdf,divisional
ORG,ID/OIOS,69.pdf,idoios
ORG,UNICEF Management ag,69.pdf,unicef management ag
ORG,"the ATCS 
Finance Office",2.pdf,the atcs finance office
ORG,ITF,49.pdf,itf
ORG,ITF,44.pdf,itf
ORG,Tender Documents,10.pdf,tender documents
ORG,the Office of the Legal Adviser,10.pdf,the office of the legal adviser
ORG,NSA,105.pdf,nsa
ORG,"Allegation 4 
 
(Specifically",43.pdf,allegation 4 specifically
ORG,U N I T E D    N A T I O N,44.pdf,u n i t e d n a t i o n
ORG,the Evaluat ion Company,43.pdf,the evaluat ion company
ORG,the Constitutional Framework for Provisional Self-G,2.pdf,the constitutional framework for provisional self-g
ORG,"the 
Insurance Company 2",36.pdf,the insurance company 2
ORG,FIDS,44.pdf,fids
ORG,Finance,14.pdf,finance
ORG,UNEP/PCAU Consultant,27.pdf,uneppcau consultant
ORG,the Project Engineer,43.pdf,the project engineer
ORG,Handling Services Department,47.pdf,handling services department
ORG,"the 
Public Enterprise Airport Pristina",8.pdf,the public enterprise airport pristina
ORG,"UNMIK’s Finance 
Administrative",16.pdf,unmiks finance administrative
ORG,SIU,63.pdf,siu
ORG,Southern Africa Sub Regional Meeting,26.pdf,southern africa sub regional meeting
ORG,doc,43.pdf,doc
ORG,UN Oil-for-food,91.pdf,un oil-for-food
ORG,"UNMIK 
Investigation Task Force  
 
  Pristina",1.pdf,unmik investigation task force pristina
ORG,the Cargo Apron,10.pdf,the cargo apron
ORG,Vendor,16.pdf,vendor
ORG,evaluati on committee,8.pdf,evaluati on committee
ORG,Air Traffic Control Services,10.pdf,air traffic control services
ORG,"BACKGROUND INFORMATION 
 
4",10.pdf,background information 4
ORG,UNMI K Pillar II,36.pdf,unmi k pillar ii
ORG,BACKGROUND,31.pdf,background
ORG,Compaq,82.pdf,compaq
ORG,the UNMIK Directorate of In frastructure Affairs,4.pdf,the unmik directorate of in frastructure affairs
ORG,"European
Union",108.pdf,european union
ORG,The Investigation Task Force,51.pdf,the investigation task force
ORG,"the Investigations 
Division of the Office of Internal Oversight Servic",21.pdf,the investigations division of the office of internal oversight servic
ORG,the Kosovo Trust Agency,5.pdf,the kosovo trust agency
ORG,ECA,24.pdf,eca
ORG,All Cargo Department,51.pdf,all cargo department
ORG,Consulta,21.pdf,consulta
ORG,Financial Rule,26.pdf,financial rule
ORG,Economy Trade and Industry,105.pdf,economy trade and industry
ORG,Account,52.pdf,account
ORG,"Tenders” 
 
Allegation 4 :",14.pdf,tenders allegation 4
ORG,a Bid Opening Commit,14.pdf,a bid opening commit
ORG,the European Union,106.pdf,the european union
ORG,the Department of Transport,8.pdf,the department of transport
ORG,the Bid Opening Committee,38.pdf,the bid opening committee
ORG,BACKGROUND,26.pdf,background
ORG,the B id Evaluation Committee,14.pdf,the b id evaluation committee
ORG,"Investigation Task Force 
 
 
 
Investigation",8.pdf,investigation task force investigation
ORG,the Balkans Task Force,27.pdf,the balkans task force
ORG,Internal Audit Division 1,63.pdf,internal audit division 1
ORG,Z­3/OO/515570­09,108.pdf,z3oo51557009
ORG,Ministry of Economy Trade and Industry,107.pdf,ministry of economy trade and industry
ORG,Divisional,4.pdf,divisional
ORG,DSA,26.pdf,dsa
ORG,"Consolidated Budget 
Funds",43.pdf,consolidated budget funds
ORG,Bid Eva luation Committee,38.pdf,bid eva luation committee
ORG,UN Financial Rules,16.pdf,un financial rules
ORG,UNMIK,10.pdf,unmik
ORG,UNMIK Regulation,2.pdf,unmik regulation
ORG,the European Agency,16.pdf,the european agency
ORG,"Investigation Task Force 
 
 
Allegations",31.pdf,investigation task force allegations
ORG,UNICEF Management,69.pdf,unicef management
ORG,"UNMIK 
 
Subject",36.pdf,unmik subject
ORG,the National Security Agency,105.pdf,the national security agency
ORG,the U.S. Congress,91.pdf,the us congress
ORG,Handling Fees,31.pdf,handling fees
ORG,Financial Rule 104.9,26.pdf,financial rule 1049
ORG,Vendor,8.pdf,vendor
ORG,"Investigation Task Force 
 
 
Irregularities",9.pdf,investigation task force irregularities
ORG,Organization,82.pdf,organization
ORG,IAU,14.pdf,iau
ORG,"the Goods, Works or Services",5.pdf,the goods works or services
ORG,Partici,26.pdf,partici
ORG,"Investigation Task Force 
 
 
Allegations",11.pdf,investigation task force allegations
ORG,Offi,47.pdf,offi
ORG,Divisional,49.pdf,divisional
ORG,Department of Agriculture,16.pdf,department of agriculture
ORG,Handling Fees,11.pdf,handling fees
ORG,UNMIK’s Directorate of Rural Affairs,16.pdf,unmiks directorate of rural affairs
ORG,Participant 2,26.pdf,participant 2
ORG,LOI,82.pdf,loi
ORG,Vendor,38.pdf,vendor
ORG,"the Airline ""Load Sheets",47.pdf,the airline load sheets
ORG,Cabrera,82.pdf,cabrera
ORG,"the Chartered 
Accountants",4.pdf,the chartered accountants
ORG,Kosovo Consolidated Funds,36.pdf,kosovo consolidated funds
ORG,"Office of Internal Oversight Services 
SUBJECT Allegations",27.pdf,office of internal oversight services subject allegations
ORG,the Prist ina Airport,47.pdf,the prist ina airport
ORG,the Ministry of Foreign Affairs,105.pdf,the ministry of foreign affairs
ORG,ITF,47.pdf,itf
ORG,"Ministry of Foreign
Affairs",107.pdf,ministry of foreign affairs
ORG,"the Kosovo 
Trust Agency",36.pdf,the kosovo trust agency
ORG,Immigration,47.pdf,immigration
ORG,Kosovo Consolidated Budget Funds,10.pdf,kosovo consolidated budget funds
ORG,UN Rules and Regulations,24.pdf,un rules and regulations
ORG,the J AB,24.pdf,the j ab
ORG,UNMIK,14.pdf,unmik
ORG,ATCS,5.pdf,atcs
ORG,UNMIK Pillar IV,2.pdf,unmik pillar iv
ORG,Ministry of Finance,107.pdf,ministry of finance
ORG,ICAA,35.pdf,icaa
ORG,Security Off,4.pdf,security off
ORG,the United Nations,82.pdf,the united nations
ORG,Interna l Audit Unit,14.pdf,interna l audit unit
ORG,DPKO,43.pdf,dpko
ORG,Insurance Company 2,36.pdf,insurance company 2
ORG,the Air Traffic Control Services,8.pdf,the air traffic control services
ORG,Air Traffic Control Services,43.pdf,air traffic control services
ORG,"the Japanese Ministry of Agriculture, Forestry and Fisheries",108.pdf,the japanese ministry of agriculture forestry and fisheries
ORG,the D/SRSG Pillar IV,39.pdf,the dsrsg pillar iv
ORG,"I. INTRODUCTION 
 
",39.pdf,i introduction
ORG,"KInvestigation Task Force 
 2",15.pdf,kinvestigation task force 2
ORG,PISG,2.pdf,pisg
ORG,"the United 
Nations Development Programme",21.pdf,the united nations development programme
ORG,"Tenders” 
 
Allegation 3 : that",38.pdf,tenders allegation 3 that
ORG,Air Traffic Control Services,5.pdf,air traffic control services
ORG,UNMIK Regulation No 1/,8.pdf,unmik regulation no 1
ORG,Fischer-Boelindicated,110.pdf,fischer-boelindicated
ORG,"the European 
Union",2.pdf,the european union
ORG,"K
K
3.K TheKissuesKidentifiedKinKtheKletterKbyKtheKAirli",15.pdf,k k 3k thekissueskidentifiedkinkthekletterkbykthekairli
ORG,the Civil Administration,10.pdf,the civil administration
ORG,the Financial Investigati on Unit,38.pdf,the financial investigati on unit
ORG,Capital Expenditure,45.pdf,capital expenditure
ORG,Financial Rule 104.10,26.pdf,financial rule 10410
ORG,the Procurement Official,10.pdf,the procurement official
ORG,Pillar,8.pdf,pillar
ORG,The Civil Engineer,14.pdf,the civil engineer
ORG,UNMIK Police,49.pdf,unmik police
ORG,United Nations Sec,39.pdf,united nations sec
ORG,DOTI,8.pdf,doti
ORG,STRICTLY,26.pdf,strictly
ORG,Assembly of Kosovo,45.pdf,assembly of kosovo
ORG,"I. INTRODUCTION 
 
",9.pdf,i introduction
ORG,"the Transport 
Sector of the UNMIK Directorate of Infrastructure A",10.pdf,the transport sector of the unmik directorate of infrastructure a
ORG,US National Security Agency,107.pdf,us national security agency
ORG,NATIONS,21.pdf,nations
ORG,"Klaus-Dieter
Borchardt",110.pdf,klaus-dieter borchardt
ORG,OIOS,21.pdf,oios
ORG,Airport Engineer 1,10.pdf,airport engineer 1
ORG,the Finance Division,26.pdf,the finance division
ORG,Toshiba,82.pdf,toshiba
ORG,Customs Duties,51.pdf,customs duties
ORG,the Eval uation Committee,39.pdf,the eval uation committee
ORG,Septe,10.pdf,septe
ORG,METHODOLOGY,24.pdf,methodology
ORG,DPKO Communica,82.pdf,dpko communica
ORG,"National 
Identification Card",69.pdf,national identification card
ORG,Depar,51.pdf,depar
ORG,the un iforms,38.pdf,the un iforms
ORG,el ectronic,82.pdf,el ectronic
ORG,Procure,8.pdf,procure
ORG,Consulting Company,43.pdf,consulting company
ORG,UNMIK Pillar IV,38.pdf,unmik pillar iv
ORG,PISG,52.pdf,pisg
ORG,the Chartered Accountants - “,52.pdf,the chartered accountants -
ORG,Invest,2.pdf,invest
ORG,United Nations Sec,9.pdf,united nations sec
ORG,LLC,82.pdf,llc
ORG,PCAU,27.pdf,pcau
ORG,UNON Managers,69.pdf,unon managers
ORG,Airline 2 Pristina Office,51.pdf,airline 2 pristina office
ORG,Vendor,39.pdf,vendor
ORG,Organization,63.pdf,organization
ORG,Finance,21.pdf,finance
ORG,UNMIK,5.pdf,unmik
ORG,Intérimaire des Nations,36.pdf,intérimaire des nations
ORG,BTF,27.pdf,btf
ORG,the General Conditions,36.pdf,the general conditions
ORG,Kosovo Force,39.pdf,kosovo force
ORG,UNMIK Bank Acc,52.pdf,unmik bank acc
ORG,Customs,2.pdf,customs
ORG,UNDP,73.pdf,undp
ORG,ACGD,26.pdf,acgd
ORG,"DM 50,000",4.pdf,dm 50000
ORG,Airport Pristina Management Group,47.pdf,airport pristina management group
ORG,UNMIK Aviation Transport,2.pdf,unmik aviation transport
ORG,hisGermancounterpart,113.pdf,hisgermancounterpart
ORG,the UN Rules and Regulations,16.pdf,the un rules and regulations
ORG,the United Nat ions Office,73.pdf,the united nat ions office
ORG,UNMIK Pillar IV,51.pdf,unmik pillar iv
ORG,Airport Pristina,47.pdf,airport pristina
ORG,Finance Office,2.pdf,finance office
ORG,Bid Opening Committee,14.pdf,bid opening committee
ORG,Annex,5.pdf,annex
ORG,"THE ORGANIZATION  
 
 
ID  CASE",24.pdf,the organization id case
ORG,Direct Single Source Procurement,5.pdf,direct single source procurement
ORG,the Kosovo Trust Agency,8.pdf,the kosovo trust agency
ORG,Kosovo Force,9.pdf,kosovo force
ORG,"the Chartered 
Accountants",39.pdf,the chartered accountants
ORG,the Capita l Expenditure,45.pdf,the capita l expenditure
ORG,the Provisional Institutions,2.pdf,the provisional institutions
ORG,Finance,2.pdf,finance
ORG,National Security Agency,91.pdf,national security agency
ORG,Intérimaire des Nations,14.pdf,intérimaire des nations
ORG,"I.  INTRODUCTION 
 
",21.pdf,i introduction
ORG,Air BP,52.pdf,air bp
ORG,"Investigation Task Force 
 
 
Irregularities",43.pdf,investigation task force irregularities
ORG,Finance Offi,2.pdf,finance offi
ORG,SouthAfrica,113.pdf,southafrica
ORG,DRA,16.pdf,dra
ORG,the UNMIK Public Procurement Regula,10.pdf,the unmik public procurement regula
ORG,PEAP,49.pdf,peap
ORG,the Cargo Apron Extension,10.pdf,the cargo apron extension
ORG,LaCresta,82.pdf,lacresta
ORG,USG,35.pdf,usg
ORG,"the Chartered 
Accountants",9.pdf,the chartered accountants
ORG,Procurement Offi,38.pdf,procurement offi
ORG,SIGINT,89.pdf,sigint
ORG,"UNMIK 
 
Investigation Task Force 
 
 
 
Date",36.pdf,unmik investigation task force date
ORG,Schedule VI,35.pdf,schedule vi
ORG,paragrap h 15.a,26.pdf,paragrap h 15a
ORG,Custo ms Duties,51.pdf,custo ms duties
ORG,UNMIK Regulation No 1/,39.pdf,unmik regulation no 1
ORG,"Technology Services 
Division",82.pdf,technology services division
ORG,National Security Agency,106.pdf,national security agency
ORG,ITF,43.pdf,itf
ORG,"the 
Bank",26.pdf,the bank
ORG,the United Nations Politic al Office,73.pdf,the united nations politic al office
ORG,DOTI,10.pdf,doti
ORG,TheGermanalsonotedthat,113.pdf,thegermanalsonotedthat
ORG,IOV,26.pdf,iov
ORG,Repor,21.pdf,repor
ORG,ATCS,2.pdf,atcs
ORG,a Secret US National Security Agency,105.pdf,a secret us national security agency
ORG,Committee,82.pdf,committee
ORG,Direct-Single Source,5.pdf,direct-single source
ORG,ITF,5.pdf,itf
ORG,the Evaluatio n Committee,39.pdf,the evaluatio n committee
ORG,"Air 
Movements",9.pdf,air movements
ORG,the United States Senate,24.pdf,the united states senate
ORG,Unies,44.pdf,unies
ORG,"United Nations Interim 
Administration Mission",52.pdf,united nations interim administration mission
ORG,UNMIK Regulation No 1/,9.pdf,unmik regulation no 1
ORG,Septe,43.pdf,septe
ORG,IEA,106.pdf,iea
ORG,La Cresta’s,82.pdf,la crestas
ORG,IAD1/OIOS,63.pdf,iad1oios
ORG,American Government,24.pdf,american government
ORG,"Department of 
Justice",13.pdf,department of justice
ORG,Vendor 2 Represent,1.pdf,vendor 2 represent
ORG,ID/OIOS Investigators,21.pdf,idoios investigators
ORG,al l,16.pdf,al l
ORG,Finance,38.pdf,finance
ORG,Participant 3,26.pdf,participant 3
ORG,Customs,51.pdf,customs
ORG,the UN System,24.pdf,the un system
ORG,Offi,26.pdf,offi
ORG,Air Traffic Control Services,2.pdf,air traffic control services
ORG,DIGITAL,16.pdf,digital
ORG,NSA,91.pdf,nsa
ORG,NSA,89.pdf,nsa
ORG,Bank,52.pdf,bank
ORG,"UNMIK 
Investigation Task Force  
 
                                       
Case",45.pdf,unmik investigation task force case
ORG,"Allegation 4 
 
(Specifically",10.pdf,allegation 4 specifically
ORG,Financ,21.pdf,financ
ORG,KTA,45.pdf,kta
ORG,UNDP Br atislava,21.pdf,undp br atislava
ORG,United Nations Security Co,2.pdf,united nations security co
ORG,al l,2.pdf,al l
ORG,• Airline,31.pdf,airline
ORG,the Evaluat ion Company,10.pdf,the evaluat ion company
ORG,Tender Documents,8.pdf,tender documents
ORG,"I. INTRODUCTION 
 
",43.pdf,i introduction
ORG,the Project Engineer,10.pdf,the project engineer
ORG,UN Missions,82.pdf,un missions
ORG,OLAF,36.pdf,olaf
ORG,doc,10.pdf,doc
ORG,"Tenders” 
 
Allegation 4 :",38.pdf,tenders allegation 4
ORG,a Bid Opening Commit,38.pdf,a bid opening commit
ORG,the Investigation Task Force,39.pdf,the investigation task force
ORG,"Intérimaire des Nations 
Unies",15.pdf,intérimaire des nations unies
ORG,National Security Agency,108.pdf,national security agency
ORG,SRO,24.pdf,sro
ORG,• Airline,11.pdf,airline
ORG,The Task Force w ill,82.pdf,the task force w ill
ORG,VIII,26.pdf,viii
ORG,the Company Represent,51.pdf,the company represent
ORG,NSA,106.pdf,nsa
ORG,ITF,45.pdf,itf
ORG,the B id Evaluation Committee,38.pdf,the b id evaluation committee
ORG,"United Nation s Interim 
Administration Mission",52.pdf,united nation s interim administration mission
ORG,OLA,24.pdf,ola
ORG,UNEP,21.pdf,unep
ORG,KFOR,4.pdf,kfor
ORG,UN-S,69.pdf,un-s
ORG,"2 
 
Provisional Criminal Code of",14.pdf,2 provisional criminal code of
ORG,"BACKGROUND INFORMATION 
 
4",8.pdf,background information 4
ORG,BACKGROUND INFORMATION    ,24.pdf,background information
ORG,the Investigation Task Force,47.pdf,the investigation task force
ORG,UNMIK,2.pdf,unmik
ORG,the Investigation Task Force,9.pdf,the investigation task force
ORG,Savings,69.pdf,savings
ORG,"I. INTRODUCTION 
 
",31.pdf,i introduction
ORG,Employees,2.pdf,employees
ORG,NOFORN,108.pdf,noforn
ORG,Pentium,82.pdf,pentium
ORG,the basi s,82.pdf,the basi s
ORG,Pristina Air,39.pdf,pristina air
ORG,IBM,82.pdf,ibm
ORG,Divisional,43.pdf,divisional
ORG,SCS,112.pdf,scs
ORG,"the United Nations Environment 
Programme",27.pdf,the united nations environment programme
ORG,"I. INTRODUCTION 
 
",11.pdf,i introduction
ORG,UNMIK Fi,43.pdf,unmik fi
ORG,The ACGD Offi,26.pdf,the acgd offi
ORG,Offi,4.pdf,offi
ORG,United Nations Sec,31.pdf,united nations sec
ORG,"KOPOEK
K",15.pdf,kopoek k
ORG,IAU,38.pdf,iau
ORG,the Department of Just,13.pdf,the department of just
ORG,Divisional,5.pdf,divisional
ORG,Kosovo Trust Agency,14.pdf,kosovo trust agency
ORG,the Regional Crime Squad,49.pdf,the regional crime squad
ORG,"Consolidated Budget 
Funds",10.pdf,consolidated budget funds
ORG,Kosovo Force,43.pdf,kosovo force
ORG,Competitive Shopping,4.pdf,competitive shopping
ORG,the Expansion of the Terminal Building,44.pdf,the expansion of the terminal building
ORG,UNDP HQ New York,21.pdf,undp hq new york
ORG,Ministry of Environment,107.pdf,ministry of environment
ORG,UNMIK Fi,5.pdf,unmik fi
ORG,STRICTLY,63.pdf,strictly
ORG,Allegation 2,27.pdf,allegation 2
ORG,Non-Staff,13.pdf,non-staff
ORG,ITF,1.pdf,itf
ORG,United Nations Sec,11.pdf,united nations sec
ORG,UNMIK,8.pdf,unmik
ORG,Consulting Firm,39.pdf,consulting firm
ORG,ITB,82.pdf,itb
ORG,"K
K
cc:K Mr.",15.pdf,k k cck mr
ORG,"Headquarters 
Procurement Section",82.pdf,headquarters procurement section
ORG,UNMIK Pillar 2,2.pdf,unmik pillar 2
ORG,OPOE,36.pdf,opoe
ORG,ID/OIOS Case 0430/04,63.pdf,idoios case 043004
ORG,Loan Application & Loan Agreement Form,69.pdf,loan application loan agreement form
ORG,The Investigation Task Force,52.pdf,the investigation task force
ORG,UNICEF Somalia,69.pdf,unicef somalia
ORG,Congress,91.pdf,congress
ORG,"the Chartered 
Accountants",43.pdf,the chartered accountants
ORG,SECRET//COMINT//REL TO USA,91.pdf,secretcomintrel to usa
ORG,Direc,26.pdf,direc
ORG,European Aeronautic Defence,89.pdf,european aeronautic defence
ORG,Contract,9.pdf,contract
ORG,PRIO Unit’s,16.pdf,prio units
ORG,UNMIK,38.pdf,unmik
ORG,STRICTLY,60.pdf,strictly
ORG,the ACGD Office,26.pdf,the acgd office
ORG,"United Nations
 Nations",82.pdf,united nations nations
ORG,Airline Off,47.pdf,airline off
ORG,The Investigations Division of the Office of Int ernal Oversight Services,16.pdf,the investigations division of the office of int ernal oversight services
ORG,Kosovo Force,31.pdf,kosovo force
ORG,Management Letter,47.pdf,management letter
ORG,"KT A. 
 
Background Information 
 
",45.pdf,kt a background information
ORG,ID Investigato,26.pdf,id investigato
ORG,OIOS,24.pdf,oios
ORG,Interna l Audit Unit,38.pdf,interna l audit unit
ORG,Council,39.pdf,council
ORG,"the Chartered 
Accountants",5.pdf,the chartered accountants
ORG,UNMIK Pillar,2.pdf,unmik pillar
ORG,ST/Al/l999/7 II 2,27.pdf,stall9997 ii 2
ORG,Non Staff,13.pdf,non staff
ORG,United Nations Agencies,69.pdf,united nations agencies
ORG,Kosovo Force,11.pdf,kosovo force
ORG,UN Regulations,24.pdf,un regulations
ORG,"BACKGROUND INFORMATION 
 
3",4.pdf,background information 3
ORG,the Board of Airport Pristina,51.pdf,the board of airport pristina
ORG,Divisional,45.pdf,divisional
ORG,the Investigation Task Force,35.pdf,the investigation task force
ORG,Kosovo Consolidated Budget Funds,8.pdf,kosovo consolidated budget funds
ORG,"the Chartered 
Accountants",31.pdf,the chartered accountants
ORG,Ethiopian Foreign Ministry,24.pdf,ethiopian foreign ministry
ORG,Abuse of Office,51.pdf,abuse of office
ORG,Council,9.pdf,council
ORG,ATC S,2.pdf,atc s
ORG,DPKO,10.pdf,dpko
ORG,The Civil Engineer,38.pdf,the civil engineer
ORG,United States,24.pdf,united states
ORG,Div,5.pdf,div
ORG,Intérimaire des Nations,51.pdf,intérimaire des nations
ORG,"the Chartered 
Accountants",11.pdf,the chartered accountants
ORG,the UNMIK Kosovo Interim Administration’s,10.pdf,the unmik kosovo interim administrations
ORG,"Unconventional
Japaneseleadership
Z-3/OO/33343-06,291712Z",110.pdf,unconventional japaneseleadership z-3oo33343-06291712z
ORG,the Procurement Task Force,82.pdf,the procurement task force
ORG,"the U.K. 
Immigration Department",47.pdf,the uk immigration department
ORG,the Office for Coordination of Oversight of Publicly -Owned Enterprises,47.pdf,the office for coordination of oversight of publicly -owned enterprises
ORG,the International Prosecutor,1.pdf,the international prosecutor
ORG,"the Organization”  
 
 
IV",63.pdf,the organization iv
ORG,UNMIK Pillar,52.pdf,unmik pillar
ORG,KFOR,39.pdf,kfor
ORG,Financial Agreemen,1.pdf,financial agreemen
ORG,United Nations Sec,4.pdf,united nations sec
ORG,"BACKGROUND INFORMATION 
 
A. UN-SACCO 
 
5",69.pdf,background information a un-sacco 5
ORG,BACKGROUND,11.pdf,background
ORG,"Airline 3, Airline 4, Airl ine 5 and Airline",31.pdf,airline 3 airline 4 airl ine 5 and airline
ORG,Committee,14.pdf,committee
ORG,the Department of P olitical Affairs,73.pdf,the department of p olitical affairs
ORG,ITF,8.pdf,itf
ORG,UNMIK Pil,13.pdf,unmik pil
ORG,the Civil Administration,8.pdf,the civil administration
ORG,Restaurant 2,13.pdf,restaurant 2
ORG,the Final Report,1.pdf,the final report
ORG,"Airline 3, Airline 4, Airl ine 5 and Airline",11.pdf,airline 3 airline 4 airl ine 5 and airline
ORG,STRICTLY,24.pdf,strictly
ORG,United Nations Environment Programme,27.pdf,united nations environment programme
ORG,"the Transport 
Sector of the UNMIK Directorate of Infrastructure A",8.pdf,the transport sector of the unmik directorate of infrastructure a
ORG,KFOR,9.pdf,kfor
ORG,ITF,13.pdf,itf
ORG,the Passenger Terminal Building,44.pdf,the passenger terminal building
ORG,Nairobi-,69.pdf,nairobi-
ORG,Airport Engineer 1,8.pdf,airport engineer 1
ORG,Barclays,26.pdf,barclays
ORG,Consulting Company,10.pdf,consulting company
ORG,I. METHODOLOGY,8.pdf,i methodology
ORG,the Investigation Task Force,43.pdf,the investigation task force
ORG,U.K. Immigration,47.pdf,uk immigration
ORG,Bid Opening Committee,38.pdf,bid opening committee
ORG,US Government,24.pdf,us government
ORG,"Consolidated Budget 
Funds",5.pdf,consolidated budget funds
ORG,IAD,63.pdf,iad
ORG,Kosovo Force,4.pdf,kosovo force
ORG,"OFF
Date:2004
Organization:National Security Agency",91.pdf,off date2004 organizationnational security agency
ORG,UNMIK Pillar,51.pdf,unmik pillar
ORG,Engineer,8.pdf,engineer
ORG,Rompuy,111.pdf,rompuy
ORG,Mounting of Sonic System,1.pdf,mounting of sonic system
ORG,the Oil for Food Programme,82.pdf,the oil for food programme
ORG,Intérimaire des Nations,38.pdf,intérimaire des nations
ORG,United Nati ons Office,69.pdf,united nati ons office
ORG,"PROCUREMENT TASK FORCE  
REPORT",82.pdf,procurement task force report
ORG,"DM 50,000",5.pdf,dm 50000
ORG,"the Japanese Ministry of Economy, Trade and Industry",105.pdf,the japanese ministry of economy trade and industry
ORG,"The Investigations Division of the Office of Intern al 
Oversight Services",24.pdf,the investigations division of the office of intern al oversight services
ORG,POE,51.pdf,poe
ORG,"the bank 
 7",2.pdf,the bank 7
ORG,IV04/262/03,47.pdf,iv0426203
ORG,Section VI,16.pdf,section vi
ORG,EADS,89.pdf,eads
ORG,CPE,43.pdf,cpe
ORG,KTA Internal Audit,14.pdf,kta internal audit
ORG,the ATC S Official and Official,2.pdf,the atc s official and official
ORG,the Investigation Task Force,31.pdf,the investigation task force
ORG,"Intérimaire des Nations 
Unies",2.pdf,intérimaire des nations unies
ORG,Air,13.pdf,air
ORG,Public Procurement,10.pdf,public procurement
ORG,"the 
Public Enterprise Airport Pristina",39.pdf,the public enterprise airport pristina
ORG,Sub,52.pdf,sub
ORG,Kosovo Consolidated Budget Funds,39.pdf,kosovo consolidated budget funds
ORG,BACKGROUND,21.pdf,background
ORG,evaluati on committee,39.pdf,evaluati on committee
ORG,"Investigation Task Force 
 
 
Irregularities",10.pdf,investigation task force irregularities
GPE,Airport,47.pdf,airport
GPE,Somalia,89.pdf,somalia
GPE,Iran,89.pdf,iran
GPE,Liberia,60.pdf,liberia
GPE,Kosovo,10.pdf,republic of kosovo
GPE,Kosovo,38.pdf,republic of kosovo
GPE,AUS,91.pdf,aus
GPE,Kosovo,16.pdf,republic of kosovo
GPE,includingItaly,112.pdf,includingitaly
GPE,Iraq,91.pdf,iraq
GPE,Bratislava,21.pdf,bratislava
GPE,METI,106.pdf,meti
GPE,Kosovo,36.pdf,republic of kosovo
GPE,Japan,105.pdf,japan
GPE,Kosovo,43.pdf,republic of kosovo
GPE,USA,108.pdf,usa
GPE,Washington,89.pdf,washington
GPE,Regio,49.pdf,regio
GPE,Stokykov,24.pdf,stokykov
GPE,Spain,111.pdf,spain
GPE,Washington DC,105.pdf,washington dc
GPE,Brazil,113.pdf,brazil
GPE,New York,82.pdf,new york
GPE,United States,108.pdf,united states
GPE,Fush,49.pdf,fush
GPE,Kosovo,14.pdf,republic of kosovo
GPE,Kosovo,31.pdf,republic of kosovo
GPE,Shinf ield Park,2.pdf,shinf ield park
GPE,Washington,105.pdf,washington
GPE,Fraud,21.pdf,fraud
GPE,Nairobi,73.pdf,nairobi
GPE,Rome,111.pdf,rome
GPE,Kosovo,52.pdf,republic of kosovo
GPE,Kosovo,11.pdf,republic of kosovo
GPE,Prishtina,2.pdf,prishtina
GPE,Japan,107.pdf,japan
GPE,Canada,107.pdf,canada
GPE,althoughshe,114.pdf,althoughshe
GPE,Airport,35.pdf,airport
GPE,Australia,113.pdf,australia
GPE,AUS,107.pdf,aus
GPE,Vienna,36.pdf,vienna
GPE,USA,89.pdf,usa
GPE,Kosovo,45.pdf,republic of kosovo
GPE,KITFKKosovo,15.pdf,kitfkkosovo
GPE,United States of America,24.pdf,united states of america
GPE,Pristina,38.pdf,pristina
GPE,Ljubljana,1.pdf,ljubljana
GPE,Japan,106.pdf,japan
GPE,United States,89.pdf,united states
GPE,Tokyo,106.pdf,tokyo
GPE,Iceland,35.pdf,iceland
GPE,Washington,91.pdf,washington
GPE,Somalia,69.pdf,somalia
GPE,Kosovo,51.pdf,republic of kosovo
GPE,USA,105.pdf,usa
GPE,London,2.pdf,london
GPE,Kosovo,5.pdf,republic of kosovo
GPE,Great Britain,107.pdf,great britain
GPE,administrati,36.pdf,administrati
GPE,Seychelles,26.pdf,seychelles
GPE,Thunderbird,82.pdf,thunderbird
GPE,Representa,44.pdf,representa
GPE,Beirut,51.pdf,beirut
GPE,United States,105.pdf,united states
GPE,United Kingdom,2.pdf,united kingdom
GPE,Ven,38.pdf,ven
GPE,Vienna,15.pdf,vienna
GPE,Port Louis,26.pdf,port louis
GPE,Indonesia,113.pdf,indonesia
GPE,Gigiri,73.pdf,gigiri
GPE,Yemen,89.pdf,yemen
GPE,Kenya,73.pdf,kenya
GPE,Pristin,36.pdf,pristin
GPE,Kosovo,4.pdf,republic of kosovo
GPE,Kosovo,1.pdf,republic of kosovo
GPE,Afghanistan,89.pdf,afghanistan
GPE,Italy,2.pdf,italy
GPE,Pristina,14.pdf,pristina
GPE,Kosovo,15.pdf,republic of kosovo
GPE,andMexico,113.pdf,andmexico
GPE,Monrovia,21.pdf,monrovia
GPE,Offici,26.pdf,offici
GPE,la nding,47.pdf,la nding
GPE,Pristina,31.pdf,pristina
GPE,Pakistan,89.pdf,pakistan
GPE,Nairobi,24.pdf,nairobi
GPE,Victoria,26.pdf,victoria
GPE,Japan,108.pdf,japan
GPE,Pristina,52.pdf,pristina
GPE,China,89.pdf,china
GPE,Pristina,11.pdf,pristina
GPE,India,113.pdf,india
GPE,Tokyo,108.pdf,tokyo
GPE,Nairobi,69.pdf,nairobi
GPE,Howeve,73.pdf,howeve
GPE,Organizati,82.pdf,organizati
GPE,Kosovo,49.pdf,republic of kosovo
GPE,TherewasaconvictioninbothBrusselsandTokyo,110.pdf,therewasaconvictioninbothbrusselsandtokyo
GPE,Kosovo,44.pdf,republic of kosovo
GPE,USA,107.pdf,usa
GPE,Kosovo,39.pdf,republic of kosovo
GPE,USA,91.pdf,usa
GPE,Airport Prishtina,2.pdf,airport prishtina
GPE,Ven,14.pdf,ven
GPE,United States,107.pdf,united states
GPE,United States,91.pdf,united states
GPE,KatK+44K1K26060K5406.K,15.pdf,katk44k1k26060k5406k
GPE,London,36.pdf,london
GPE,Kosovo,47.pdf,republic of kosovo
GPE,Kosovo,9.pdf,republic of kosovo
GPE,"New 
Zealand",107.pdf,new zealand
GPE,USA,24.pdf,usa
GPE,Monrovia,63.pdf,monrovia
GPE,Vendor,38.pdf,vendor
GPE,USA,106.pdf,usa
GPE,raq,49.pdf,raq
GPE,Pristina,5.pdf,pristina
GPE,United States,106.pdf,united states
GPE,Canada,2.pdf,canada
GPE,Turkey,89.pdf,turkey
GPE,Zambia,24.pdf,zambia
GPE,Supervisor,52.pdf,supervisor
GPE,New York,73.pdf,new york
GPE,Australia,107.pdf,australia
GPE,Russia,89.pdf,russia
GPE,Airport,51.pdf,airport
GPE,IAD1,63.pdf,iad1
GPE,France,89.pdf,france
GPE,Kosovo,13.pdf,republic of kosovo
GPE,Olokodana,24.pdf,olokodana
GPE,Italy,5.pdf,italy
GPE,France,91.pdf,france
GPE,Pristina,1.pdf,pristina
GPE,Nairobi,21.pdf,nairobi
GPE,SPUVESEK,16.pdf,spuvesek
GPE,"the United 
Kingdom",2.pdf,the united kingdom
GPE,METI,105.pdf,meti
GPE,Vendor,14.pdf,vendor
GPE,Kenya,69.pdf,kenya
GPE,Italy,111.pdf,italy
GPE,India,106.pdf,india
GPE,the United States,105.pdf,the united states
GPE,Fraud,51.pdf,fraud
GPE,Kosovo,2.pdf,republic of kosovo
GPE,Johannesburg,21.pdf,johannesburg
GPE,Vienna,35.pdf,vienna
GPE,capital,4.pdf,capital
GPE,Iceland,5.pdf,iceland
GPE,Building,1.pdf,building
GPE,ORCON,89.pdf,orcon
GPE,Complicity,51.pdf,complicity
GPE,China,106.pdf,china
GPE,the United States',107.pdf,the united states
GPE,the United States of America,24.pdf,the united states of america
GPE,Washington,108.pdf,washington
GPE,Airport,44.pdf,airport
GPE,Pristina,47.pdf,pristina
GPE,Lusaka,24.pdf,lusaka
GPE,Liberia,63.pdf,liberia
GPE,Compan,52.pdf,compan
GPE,KPS,13.pdf,kps
GPE,Investig,69.pdf,investig
GPE,inanexchangeon10DecemberwithGerman,114.pdf,inanexchangeon10decemberwithgerman
GPE,Slovakia,21.pdf,slovakia
GPE,Valentini,111.pdf,valentini
GPE,METI,107.pdf,meti
GPE,Kosovo,8.pdf,republic of kosovo
GPE,UNON,69.pdf,unon
GPE,Offici,13.pdf,offici
GPE,Thunderb,82.pdf,thunderb
DATE,3 13,13.pdf,3 13
DATE,"July 18, 2002",82.pdf,july 18 2002
DATE,over 25 years,24.pdf,over 25 years
DATE,"October 
2002",49.pdf,october 2002
DATE,19 May,16.pdf,19 may
DATE,the end of November 2003,24.pdf,the end of november 2003
DATE,"12    
12",2.pdf,12 12
DATE,20 June 2003,45.pdf,20 june 2003
DATE,12 December 1999,39.pdf,12 december 1999
DATE,September 2001,43.pdf,september 2001
DATE,September 1994,24.pdf,september 1994
DATE,"January 12, 2006",82.pdf,january 12 2006
DATE,10 June 1999,39.pdf,10 june 1999
DATE,the five days,16.pdf,the five days
DATE,4 April 2003,45.pdf,4 april 2003
DATE,1 July 2002,43.pdf,1 july 2002
DATE,262/04 4 18,47.pdf,26204 4 18
DATE,the end of August (2004,38.pdf,the end of august 2004
DATE,"December 2004  
 
 ",24.pdf,december 2004
DATE,10 June 1999,9.pdf,10 june 1999
DATE,1 July 2002,5.pdf,1 july 2002
DATE,monthly,26.pdf,monthly
DATE,"7 February 
2003",5.pdf,7 february 2003
DATE,31 July 2000,8.pdf,31 july 2000
DATE,28 May 2001,43.pdf,28 may 2001
DATE,"March 24, 2010",89.pdf,march 24 2010
DATE,7 March 2003,45.pdf,7 march 2003
DATE,1 July 2002,31.pdf,1 july 2002
DATE,11 October 2002,5.pdf,11 october 2002
DATE,on e month,4.pdf,on e month
DATE,April 2003,4.pdf,april 2003
DATE,11 October 2004,44.pdf,11 october 2004
DATE,1 July 2002,11.pdf,1 july 2002
DATE,months,82.pdf,months
DATE,23 May 2005,21.pdf,23 may 2005
DATE,"July 31, 2015",107.pdf,july 31 2015
DATE,December 2001,31.pdf,december 2001
DATE,3 April 2003,4.pdf,3 april 2003
DATE,"March/April 
2004",51.pdf,marchapril 2004
DATE,over eight weeks,82.pdf,over eight weeks
DATE,Kosovars,47.pdf,kosovars
DATE,January,63.pdf,january
DATE,6 October 2004,5.pdf,6 october 2004
DATE,December 2001,11.pdf,december 2001
DATE,February 2004,63.pdf,february 2004
DATE,"March 3, 2000",26.pdf,march 3 2000
DATE,"14 July 
2004",52.pdf,14 july 2004
DATE,11 April 2003,4.pdf,11 april 2003
DATE,"December 3 rd , 2004",36.pdf,december 3 rd 2004
DATE,February 2003,39.pdf,february 2003
DATE,June 1999,26.pdf,june 1999
DATE,October 2003,73.pdf,october 2003
DATE,two years,69.pdf,two years
DATE,March 2005,21.pdf,march 2005
DATE,1 8,69.pdf,1 8
DATE,23 June 2003,45.pdf,23 june 2003
DATE,February 2003,9.pdf,february 2003
DATE,"18 May 
2001",10.pdf,18 may 2001
DATE,late 2002,16.pdf,late 2002
DATE,winter,4.pdf,winter
DATE,31 July 2000,39.pdf,31 july 2000
DATE,30 June 2003,39.pdf,30 june 2003
DATE,early July,82.pdf,early july
DATE,September 2002,5.pdf,september 2002
DATE,May 2002,2.pdf,may 2002
DATE,the winter,4.pdf,the winter
DATE,December 2002,4.pdf,december 2002
DATE,"18 April 
2003",39.pdf,18 april 2003
DATE,1 April 2004,8.pdf,1 april 2004
DATE,25 July 1999,10.pdf,25 july 1999
DATE,12 December 1999,43.pdf,12 december 1999
DATE,September 1994,21.pdf,september 1994
DATE,the end of June 2002,10.pdf,the end of june 2002
DATE,DM 2190,31.pdf,dm 2190
DATE,10 June 1999,43.pdf,10 june 1999
DATE,14 January 2003,4.pdf,14 january 2003
DATE,July 12 th  2004,51.pdf,july 12 th 2004
DATE,4 September 2002,9.pdf,4 september 2002
DATE,12 December 1999,5.pdf,12 december 1999
DATE,15 December 1999,14.pdf,15 december 1999
DATE,"Second tender 
 
17",8.pdf,second tender 17
DATE,February 25,82.pdf,february 25
DATE,10-06-04,38.pdf,10-06-04
DATE,two year,69.pdf,two year
DATE,10 June 1999,5.pdf,10 june 1999
DATE,the 24th,111.pdf,the 24th
DATE,December 2003,51.pdf,december 2003
DATE,DM 2190,11.pdf,dm 2190
DATE,1 December 2004,1.pdf,1 december 2004
DATE,"one to ten years 
 
",51.pdf,one to ten years
DATE,day,2.pdf,day
DATE,Thursday,47.pdf,thursday
DATE,12 December 1999,31.pdf,12 december 1999
DATE,24 September 2004,13.pdf,24 september 2004
DATE,February 2 000,26.pdf,february 2 000
DATE,August,4.pdf,august
DATE,summer and winter,14.pdf,summer and winter
DATE,18-06-0 4,14.pdf,18-06-0 4
DATE,10 June 1999,31.pdf,10 june 1999
DATE,27 November 2002,4.pdf,27 november 2002
DATE,7 October 2003,73.pdf,7 october 2003
DATE,12 December 1999,11.pdf,12 december 1999
DATE,10 April 2003,45.pdf,10 april 2003
DATE,10 June 1999,11.pdf,10 june 1999
DATE,1 January 2002,47.pdf,1 january 2002
DATE,30 September 2002,5.pdf,30 september 2002
DATE,2 8,49.pdf,2 8
DATE,27 April,105.pdf,27 april
DATE,"2 August 
2001",10.pdf,2 august 2001
DATE,about a year,27.pdf,about a year
DATE,August 2003 to 31 March 2004,63.pdf,august 2003 to 31 march 2004
DATE,"1 
 
22",14.pdf,1 22
DATE,31 July 2004,13.pdf,31 july 2004
DATE,5 April 2001,43.pdf,5 april 2001
DATE,Next Week,89.pdf,next week
DATE,January 2003,24.pdf,january 2003
DATE,September 2002,21.pdf,september 2002
DATE,"April 28, 2003",26.pdf,april 28 2003
DATE,1 April 2004,10.pdf,1 april 2004
DATE,December 2006,69.pdf,december 2006
DATE,today,91.pdf,today
DATE,22 November 2004,44.pdf,22 november 2004
DATE,22 March 1989,4.pdf,22 march 1989
DATE,March 2005,69.pdf,march 2005
DATE,this month,108.pdf,this month
DATE,1 April 2004,36.pdf,1 april 2004
DATE,231635Z,89.pdf,231635z
DATE,May 2001,10.pdf,may 2001
DATE,6 Septembe r 2004,13.pdf,6 septembe r 2004
DATE,22 March 1989,52.pdf,22 march 1989
DATE,September 2002,49.pdf,september 2002
DATE,16 July 2004,2.pdf,16 july 2004
DATE,February 2003,31.pdf,february 2003
DATE,on17June,113.pdf,on17june
DATE,August 2002,9.pdf,august 2002
DATE,22 April 2005,27.pdf,22 april 2005
DATE,"June 29, 2015",91.pdf,june 29 2015
DATE,1 July 2002,10.pdf,1 july 2002
DATE,February 2003,11.pdf,february 2003
DATE,15 March 2004,51.pdf,15 march 2004
DATE,summer,4.pdf,summer
DATE,221708Z,108.pdf,221708z
DATE,30 August 2004,44.pdf,30 august 2004
DATE,September 1994,69.pdf,september 1994
DATE,more than a year,21.pdf,more than a year
DATE,"July 31, 2015",105.pdf,july 31 2015
DATE,28 May 2001,10.pdf,28 may 2001
DATE,two days later,13.pdf,two days later
DATE,1 July 2003,4.pdf,1 july 2003
DATE,"the same 
day",24.pdf,the same day
DATE,eight years,51.pdf,eight years
DATE,January 2006,82.pdf,january 2006
DATE,"19 March 
1999",26.pdf,19 march 1999
DATE,February 2001,31.pdf,february 2001
DATE,"4 October 
2002",49.pdf,4 october 2002
DATE,12 April 2003,4.pdf,12 april 2003
DATE,February 2001,11.pdf,february 2001
DATE,30 September 2001,39.pdf,30 september 2001
DATE,"ten years 
 
",51.pdf,ten years
DATE,late 18 February 1999,26.pdf,late 18 february 1999
DATE,13 February 2005,69.pdf,13 february 2005
DATE,19 September 2003,63.pdf,19 september 2003
DATE,May 2001,43.pdf,may 2001
DATE,February 2004,2.pdf,february 2004
DATE,22 March 1989,39.pdf,22 march 1989
DATE,February 2003,4.pdf,february 2003
DATE,daily,51.pdf,daily
DATE,the month,21.pdf,the month
DATE,"the period January to June 
2004",47.pdf,the period january to june 2004
DATE,July 2004,47.pdf,july 2004
DATE,26 December  2003,51.pdf,26 december 2003
DATE,1 January 2002,31.pdf,1 january 2002
DATE,det,2.pdf,det
DATE,29 January 2003,24.pdf,29 january 2003
DATE,"6 December 
2004",4.pdf,6 december 2004
DATE,the day,14.pdf,the day
DATE,27 June 2001,43.pdf,27 june 2001
DATE,29 August 2002,9.pdf,29 august 2002
DATE,1 January 2002,11.pdf,1 january 2002
DATE,29 April 2004,49.pdf,29 april 2004
DATE,25 July 1999,2.pdf,25 july 1999
DATE,three days,45.pdf,three days
DATE,a month,21.pdf,a month
DATE,"32,800.0 0",51.pdf,328000 0
DATE,07-07-04,14.pdf,07-07-04
DATE,30 June 2004,63.pdf,30 june 2004
DATE,Attachment 5,69.pdf,attachment 5
DATE,15 December 1999,38.pdf,15 december 1999
DATE,17 February 2000,26.pdf,17 february 2000
DATE,the summer of 2003,4.pdf,the summer of 2003
DATE,252149Z,107.pdf,252149z
DATE,20 03,5.pdf,20 03
DATE,12 December 1999,10.pdf,12 december 1999
DATE,25 July 1999,8.pdf,25 july 1999
DATE,10 June 1999,10.pdf,10 june 1999
DATE,summer and winter,38.pdf,summer and winter
DATE,the end of June 2002,8.pdf,the end of june 2002
DATE,18-06-0 4,38.pdf,18-06-0 4
DATE,July 2002,36.pdf,july 2002
DATE,24 January 2005,52.pdf,24 january 2005
DATE,"10 
January 2003",4.pdf,10 january 2003
DATE,8 March 2000,26.pdf,8 march 2000
DATE,22 July 200 4,47.pdf,22 july 200 4
DATE,six months,69.pdf,six months
DATE,31 st August,1.pdf,31 st august
DATE,30 June 2002,2.pdf,30 june 2002
DATE,6 June 2003,8.pdf,6 june 2003
DATE,262/04 3 13,47.pdf,26204 3 13
DATE,3 September 2002,9.pdf,3 september 2002
DATE,"1 
 
22",38.pdf,1 22
DATE,25-26 July 2004,13.pdf,25-26 july 2004
DATE,monthly,21.pdf,monthly
DATE,"May, 2002",82.pdf,may 2002
DATE,"the summer 
season",4.pdf,the summer season
DATE,27 September 2004,5.pdf,27 september 2004
DATE,4 March,5.pdf,4 march
DATE,31 January 2001,43.pdf,31 january 2001
DATE,2 October 2004,36.pdf,2 october 2004
DATE,12 5,82.pdf,12 5
DATE,5 April 2001,10.pdf,5 april 2001
DATE,21 October 2003,52.pdf,21 october 2003
DATE,30 September 2001,43.pdf,30 september 2001
DATE,summer,14.pdf,summer
DATE,"15 to 18 February, 1999",26.pdf,15 to 18 february 1999
DATE,19 February 1999,26.pdf,19 february 1999
DATE,8 October,2.pdf,8 october
DATE,22 March 1989,43.pdf,22 march 1989
DATE,30 September 2001,5.pdf,30 september 2001
DATE,19 May 2004,16.pdf,19 may 2004
DATE,25 July 1999,39.pdf,25 july 1999
DATE,22 March 1989,5.pdf,22 march 1989
DATE,May and June 2004,47.pdf,may and june 2004
DATE,18 October 2001,43.pdf,18 october 2001
DATE,1 July 2002,2.pdf,1 july 2002
DATE,30 September 2001,31.pdf,30 september 2001
DATE,8 47,4.pdf,8 47
DATE,September 1994,16.pdf,september 1994
DATE,24 September  2001,43.pdf,24 september 2001
DATE,1 August 2003,4.pdf,1 august 2003
DATE,22 March 1989,31.pdf,22 march 1989
DATE,30 September 2001,11.pdf,30 september 2001
DATE,25 July 1999,9.pdf,25 july 1999
DATE,1 January 2004,69.pdf,1 january 2004
DATE,22 March 1989,11.pdf,22 march 1989
DATE,31 July 20 00,4.pdf,31 july 20 00
DATE,1 July 2002,8.pdf,1 july 2002
DATE,3 15,69.pdf,3 15
DATE,September 1994,73.pdf,september 1994
DATE,the month of Jan uary 2001,31.pdf,the month of jan uary 2001
DATE,May 2000,27.pdf,may 2000
DATE,the winter season,4.pdf,the winter season
DATE,181733Z,105.pdf,181733z
DATE,"the end of 
month",21.pdf,the end of month
DATE,the month of Jan uary 2001,11.pdf,the month of jan uary 2001
DATE,"30 
September 2001",4.pdf,30 september 2001
DATE,January 2004,69.pdf,january 2004
DATE,27 April 2005,73.pdf,27 april 2005
DATE,9 July 2003,8.pdf,9 july 2003
DATE,two years,14.pdf,two years
DATE,"25 July 
1999",52.pdf,25 july 1999
DATE,mid-2002,2.pdf,mid-2002
DATE,27 September 2004,49.pdf,27 september 2004
DATE,14 th  September 2004,1.pdf,14 th september 2004
DATE,ober 2001,52.pdf,ober 2001
DATE,May 2003,45.pdf,may 2003
DATE,"May 15, 2002",82.pdf,may 15 2002
DATE,"October 26, 2004",45.pdf,october 26 2004
DATE,The year 2001,31.pdf,the year 2001
DATE,1 April 2004,39.pdf,1 april 2004
DATE,13 December 2004,1.pdf,13 december 2004
DATE,February 2003,43.pdf,february 2003
DATE,The year 2001,11.pdf,the year 2001
DATE,February,107.pdf,february
DATE,"Second tender 
 
17",39.pdf,second tender 17
DATE,February 2003,5.pdf,february 2003
DATE,only three months,4.pdf,only three months
DATE,1 April 2004,9.pdf,1 april 2004
DATE,October 2004,45.pdf,october 2004
DATE,7  January 2003,5.pdf,7 january 2003
DATE,March 2004,51.pdf,march 2004
DATE,07-07-04,38.pdf,07-07-04
DATE,31 July 2000,43.pdf,31 july 2000
DATE,27 June 2001,10.pdf,27 june 2001
DATE,October 2003,36.pdf,october 2003
DATE,18 May 2001,43.pdf,18 may 2001
DATE,31 July 2000,5.pdf,31 july 2000
DATE,three-year,69.pdf,three-year
DATE,18 April 2003,4.pdf,18 april 2003
DATE,July 2003,24.pdf,july 2003
DATE,29 August 200 2,9.pdf,29 august 200 2
DATE,"Between July 
2002",2.pdf,between july 2002
DATE,10 June 1999,2.pdf,10 june 1999
DATE,18 February 2004,26.pdf,18 february 2004
DATE,2003 to 31 March 2004,63.pdf,2003 to 31 march 2004
DATE,November 2003,24.pdf,november 2003
DATE,31 July 2000,31.pdf,31 july 2000
DATE,October 2004,1.pdf,october 2004
DATE,6 December 2002,4.pdf,6 december 2002
DATE,26 January 2003,24.pdf,26 january 2003
DATE,some five months earlier,4.pdf,some five months earlier
DATE,30-06-04,14.pdf,30-06-04
DATE,31 December 2001,31.pdf,31 december 2001
DATE,31 July 2000,11.pdf,31 july 2000
DATE,251344Z,111.pdf,251344z
DATE,13 December 2002,44.pdf,13 december 2002
DATE,31 December 2001,11.pdf,31 december 2001
DATE,12 December 1999,8.pdf,12 december 1999
DATE,October 2001,16.pdf,october 2001
DATE,February 2004,16.pdf,february 2004
DATE,1 April 2004,35.pdf,1 april 2004
DATE,10 June 1999,8.pdf,10 june 1999
DATE,between October 2003,21.pdf,between october 2003
DATE,17 October 2002,44.pdf,17 october 2002
DATE,April 2004,16.pdf,april 2004
DATE,11 February 2005,69.pdf,11 february 2005
DATE,20 April 2005,26.pdf,20 april 2005
DATE,23 June 2004,45.pdf,23 june 2004
DATE,an additional four weeks,82.pdf,an additional four weeks
DATE,9 July 2004,51.pdf,9 july 2004
DATE,summer,38.pdf,summer
DATE,31 January 2001,10.pdf,31 january 2001
DATE,Monday,51.pdf,monday
DATE,8 October 2002,49.pdf,8 october 2002
DATE,01 April 2002,2.pdf,01 april 2002
DATE,1 October 2002,5.pdf,1 october 2002
DATE,the previous Friday,49.pdf,the previous friday
DATE,September 2005,60.pdf,september 2005
DATE,2 7,69.pdf,2 7
DATE,"February, 2002",82.pdf,february 2002
DATE,13 April 2000,26.pdf,13 april 2000
DATE,30 September 2001,10.pdf,30 september 2001
DATE,2 August 2001,43.pdf,2 august 2001
DATE,annual,69.pdf,annual
DATE,June 2004,45.pdf,june 2004
DATE,22 March 1989,10.pdf,22 march 1989
DATE,"April 24, 2002",82.pdf,april 24 2002
DATE,early 2 004,2.pdf,early 2 004
DATE,25 July 1999,4.pdf,25 july 1999
DATE,the period 01 July 2002,2.pdf,the period 01 july 2002
DATE,the end of June 2002,4.pdf,the end of june 2002
DATE,"18 
March 2003",24.pdf,18 march 2003
DATE,1 April 2004,31.pdf,1 april 2004
DATE,February 2003,8.pdf,february 2003
DATE,18 October 2001,10.pdf,18 october 2001
DATE,25 May 2002,2.pdf,25 may 2002
DATE,the month of February 2004,63.pdf,the month of february 2004
DATE,24 September  2001,10.pdf,24 september 2001
DATE,1 April 2004,11.pdf,1 april 2004
DATE,31 August 2004,44.pdf,31 august 2004
DATE,"25 
June 2002",21.pdf,25 june 2002
DATE,"14 September 
2004",44.pdf,14 september 2004
DATE,a few days,26.pdf,a few days
DATE,31 March,89.pdf,31 march
DATE,the whole year,31.pdf,the whole year
DATE,0n 01 July 2002,2.pdf,0n 01 july 2002
DATE,29 May  2003,45.pdf,29 may 2003
DATE,30 June 2003,8.pdf,30 june 2003
DATE,19 January 2000,26.pdf,19 january 2000
DATE,10 February 2005,69.pdf,10 february 2005
DATE,two years,38.pdf,two years
DATE,"February 
2003",2.pdf,february 2003
DATE,three week,82.pdf,three week
DATE,the whole year,11.pdf,the whole year
DATE,November 2003,16.pdf,november 2003
DATE,July 22,51.pdf,july 22
DATE,2 July  1993,69.pdf,2 july 1993
DATE,26 July 2004,51.pdf,26 july 2004
DATE,262/04 2 5,47.pdf,26204 2 5
DATE,October 2003,21.pdf,october 2003
DATE,one month,9.pdf,one month
DATE,"18 April 
2003",8.pdf,18 april 2003
DATE,October 2004,36.pdf,october 2004
DATE,25 August 2002,43.pdf,25 august 2002
DATE,November 2003,2.pdf,november 2003
DATE,five days,16.pdf,five days
DATE,13  January 2003,4.pdf,13 january 2003
DATE,17 October 2001,43.pdf,17 october 2001
DATE,04 March 2005,52.pdf,04 march 2005
DATE,1 April 2004,4.pdf,1 april 2004
DATE,"07 February 2006  
 
 
 ",63.pdf,07 february 2006
DATE,October 2003,2.pdf,october 2003
DATE,September 1994,26.pdf,september 1994
DATE,February 2003,10.pdf,february 2003
DATE,October 2004,14.pdf,october 2004
DATE,five working days,16.pdf,five working days
DATE,6 July 2004,51.pdf,6 july 2004
DATE,August 2002,21.pdf,august 2002
DATE,the end of June 2002,39.pdf,the end of june 2002
DATE,the beginning of Oct ober 2002,49.pdf,the beginning of oct ober 2002
DATE,"03 March 
2004",52.pdf,03 march 2004
DATE,27 June 2000,26.pdf,27 june 2000
DATE,6 June 2003,39.pdf,6 june 2003
DATE,31 July 2000,10.pdf,31 july 2000
DATE,1 July 2002,4.pdf,1 july 2002
DATE,"A pril 28, 2003",26.pdf,a pril 28 2003
DATE,215-04,13.pdf,215-04
DATE,30-06-04,38.pdf,30-06-04
DATE,some two years ago,24.pdf,some two years ago
DATE,November 2002,4.pdf,november 2002
DATE,December 2004,2.pdf,december 2004
DATE,the end of August (2004,14.pdf,the end of august 2004
DATE,between June 2001,49.pdf,between june 2001
DATE,18 February 2000,26.pdf,18 february 2000
DATE,three months,4.pdf,three months
DATE,last week,89.pdf,last week
DATE,the period September 2000 to December 2003,2.pdf,the period september 2000 to december 2003
DATE,May 2004,47.pdf,may 2004
DATE,2 3.52) + (,2.pdf,2 352
DATE,two years ago,49.pdf,two years ago
DATE,a week,16.pdf,a week
DATE,April 2004,35.pdf,april 2004
DATE,February 2005,16.pdf,february 2005
DATE,"July 31, 2015",106.pdf,july 31 2015
DATE,11 October 2002,49.pdf,11 october 2002
DATE,20  July 2001,52.pdf,20 july 2001
DATE,"the month of January 
2001",31.pdf,the month of january 2001
DATE,18 February 1999,26.pdf,18 february 1999
DATE,January 2005,69.pdf,january 2005
DATE,March 2004,44.pdf,march 2004
DATE,September 1994,82.pdf,september 1994
DATE,"the month of January 
2001",11.pdf,the month of january 2001
DATE,the day,38.pdf,the day
DATE,16 th  March 2004,51.pdf,16 th march 2004
DATE,one day,49.pdf,one day
DATE,13 March 2004,63.pdf,13 march 2004
DATE,2 6 September 2002,49.pdf,2 6 september 2002
DATE,262/04 1,47.pdf,26204 1
DATE,0274/ 04,49.pdf,0274 04
DATE,DM 2888,31.pdf,dm 2888
DATE,November 200 2,49.pdf,november 200 2
DATE,20 October 2004,5.pdf,20 october 2004
DATE,4 12,4.pdf,4 12
DATE,"late 
",82.pdf,late
DATE,30 days,36.pdf,30 days
DATE,"July 31, 2015",108.pdf,july 31 2015
DATE,22 March 1989,2.pdf,22 march 1989
DATE,"June 23, 2015",89.pdf,june 23 2015
DATE,2001 some two years,26.pdf,2001 some two years
DATE,1 July 2002,39.pdf,1 july 2002
DATE,a further year,36.pdf,a further year
DATE,DM 2888,11.pdf,dm 2888
DATE,28 July 2004,35.pdf,28 july 2004
DATE,June 2002,2.pdf,june 2002
DATE,"19, 2006",82.pdf,19 2006
DATE,"8 July 
2004",63.pdf,8 july 2004
DATE,25 July 1999,43.pdf,25 july 1999
DATE,22 May 2005,27.pdf,22 may 2005
DATE,30 September 2001,8.pdf,30 september 2001
DATE,October,111.pdf,october
DATE,14 th  March 2004,51.pdf,14 th march 2004
DATE,1 July 2002,9.pdf,1 july 2002
DATE,9 July 2003,39.pdf,9 july 2003
DATE,the end of June 2002,43.pdf,the end of june 2002
DATE,December 2004,69.pdf,december 2004
DATE,August 2004,47.pdf,august 2004
DATE,25 July 1999,5.pdf,25 july 1999
DATE,4 July 2003,4.pdf,4 july 2003
DATE,9 55,4.pdf,9 55
DATE,12 December 1999,4.pdf,12 december 1999
DATE,3 6,5.pdf,3 6
DATE,22 March 1989,8.pdf,22 march 1989
DATE,the end of June 2002,5.pdf,the end of june 2002
DATE,10 June 1999,4.pdf,10 june 1999
DATE,September 2001,10.pdf,september 2001
DATE,"9 
 
VII",26.pdf,9 vii
DATE,September 2002,82.pdf,september 2002
DATE,May 2003,73.pdf,may 2003
DATE,25 July 1999,31.pdf,25 july 1999
DATE,17 February 1999,26.pdf,17 february 1999
DATE,"May 30, 2002",82.pdf,may 30 2002
DATE,10 June 1999,52.pdf,10 june 1999
DATE,"July, 2002",82.pdf,july 2002
DATE,September 1994,63.pdf,september 1994
DATE,the end of June 2002,31.pdf,the end of june 2002
DATE,19 June 200 3,45.pdf,19 june 200 3
DATE,the period 1 April to 1 October 2004,36.pdf,the period 1 april to 1 october 2004
DATE,10-06-04,14.pdf,10-06-04
DATE,25 July 1999,11.pdf,25 july 1999
DATE,January 2003,5.pdf,january 2003
DATE,1110019243020132-1,52.pdf,1110019243020132-1
DATE,one month,4.pdf,one month
DATE,26 January 2006,82.pdf,26 january 2006
DATE,the end of June 2002,11.pdf,the end of june 2002
DATE,"December, 2002",82.pdf,december 2002
DATE,annual,82.pdf,annual
DATE,"April 15, 2002",82.pdf,april 15 2002
DATE,September 1994,60.pdf,september 1994
DATE,February 2005,69.pdf,february 2005
DATE,July,107.pdf,july
DATE,March 2003,5.pdf,march 2003
DATE,8 27,26.pdf,8 27
DATE,01 July 2002,2.pdf,01 july 2002
DATE,15 May 2003,73.pdf,15 may 2003
DATE,19 July  2006,82.pdf,19 july 2006
DATE,071948Z,91.pdf,071948z
DATE,041359Z,106.pdf,041359z
DATE,0049-04,2.pdf,0049-04
DATE,28 January 2003,24.pdf,28 january 2003
DATE,27 August 200 3,73.pdf,27 august 200 3
DATE,21 May 2002,2.pdf,21 may 2002
DATE,25 August 2002,10.pdf,25 august 2002
DATE,1 April 2004,43.pdf,1 april 2004
DATE,the summer,4.pdf,the summer
DATE,October 2004,38.pdf,october 2004
DATE,17 April 2002,52.pdf,17 april 2002
DATE,17 October 2001,10.pdf,17 october 2001
DATE,1 April 2004,5.pdf,1 april 2004
DATE,24 March 2000,26.pdf,24 march 2000
MONEY,# 02 16/04,35.pdf,02 1604
MONEY,"€2 5,000",5.pdf,2 5000
MONEY,"approximately €32,000.00",51.pdf,approximately 3200000
MONEY,"approximately €25,000",4.pdf,approximately 25000
MONEY,€25 935.74,5.pdf,25 93574
MONEY,2 with €,1.pdf,2 with
MONEY,USD $818.30,16.pdf,usd 81830
MONEY,"yearly €16,500",16.pdf,yearly 16500
MONEY,"3  
 
 
II",24.pdf,3 ii
MONEY,USD $323,16.pdf,usd 323
MONEY,about US $,69.pdf,about us
MONEY,$ 13.5 million,69.pdf,135 million
MONEY,"US$10,120 and US$2",26.pdf,us10120 and us2
MONEY,over €100,2.pdf,over 100
MONEY,25 DM,31.pdf,25 dm
MONEY,"more than €15,000",16.pdf,more than 15000
MONEY,"€263,093 to €260,726.81",5.pdf,263093 to 26072681
MONEY,25 DM,11.pdf,25 dm
MONEY,50 per cent,26.pdf,50 per cent
MONEY,"US$22,000 and US$3,327",26.pdf,us22000 and us3327
MONEY,an additional €,13.pdf,an additional
MONEY,"€4,278 and €4,670",1.pdf,4278 and 4670
MONEY,over €500,2.pdf,over 500
MONEY,less than €500,2.pdf,less than 500
MONEY,"US$5,000 and US$ 3,500",26.pdf,us5000 and us 3500
MONEY,"more than $125,000 USD",36.pdf,more than 125000 usd
MONEY,approximately € 180,13.pdf,approximately 180
MONEY,6 Recommendation 4,69.pdf,6 recommendation 4
MONEY,"only US$3,011",26.pdf,only us3011
MONEY,"more than €17,000",16.pdf,more than 17000
MONEY,"3 
 
II",26.pdf,3 ii
PERSON,KJamesKWasserstrom,15.pdf,kjameskwasserstrom
PERSON,Committ,38.pdf,committ
PERSON,Bush,105.pdf,bush
PERSON,Vendor 4,1.pdf,vendor 4
PERSON,assertionsKwereKconfirmedKinKcopiesKofKcorrectedKin,15.pdf,assertionskwerekconfirmedkinkcopieskofkcorrectedkin
PERSON,Vendor 2,8.pdf,vendor 2
PERSON,Søren Jessen-Petersen,36.pdf,søren jessen-petersen
PERSON,Airpo rt Official,38.pdf,airpo rt official
PERSON,KSørenKJessenAPetersenK,15.pdf,ksørenkjessenapetersenk
PERSON,UNMIL,60.pdf,unmil
PERSON,KThis Kterminology,15.pdf,kthis kterminology
PERSON,noti,52.pdf,noti
PERSON,Vendor 2,38.pdf,vendor 2
PERSON,MAFF,108.pdf,maff
PERSON,Vendor 1,8.pdf,vendor 1
PERSON,Vendor 1,38.pdf,vendor 1
PERSON,Pernod Ricard,89.pdf,pernod ricard
PERSON,Levitte,91.pdf,levitte
PERSON,Restraint,106.pdf,restraint
PERSON,Ali Todaro,24.pdf,ali todaro
PERSON,"ntKofKPristinaKAirportKforKtheKhandlingKofK
theKoutgoingKmailKofKaKMemberKState’sKKFOR.KAtKtheK time",15.pdf,ntkofkpristinakairportkforkthekhandlingkofk thekoutgoingkmailkofkakmemberkstateskkforkatkthek time
PERSON,Works,8.pdf,works
PERSON,I. Background,38.pdf,i background
PERSON,Abebe,24.pdf,abebe
PERSON,relat ed,5.pdf,relat ed
PERSON,Vendor 2’s,14.pdf,vendor 2s
PERSON,Revi,14.pdf,revi
PERSON,Vendor 1’s,38.pdf,vendor 1s
PERSON,KTA,5.pdf,kta
PERSON,La Cresta,82.pdf,la cresta
PERSON,Ambassad,24.pdf,ambassad
PERSON,Regul,73.pdf,regul
PERSON,Mark Gough,35.pdf,mark gough
PERSON,Abe,105.pdf,abe
PERSON,"KthatK
PristinaKAirportKhadKretroactivelyKreducedKitsKhand lingKchargesKforKoutgoingKmailKtoK€0.12/kgK
andKwasKnoKlongerKchargingKVAT.KPristinaKAirportKst affKconfirmedKthisKinformationKandKadvisedK",15.pdf,kthatk pristinakairportkhadkretroactivelykreducedkitskhand lingkchargeskforkoutgoingkmailktok012kgk andkwasknoklongerkchargingkvatkpristinakairportkst affkconfirmedkthiskinformationkandkadvisedk
PERSON,Pu blic Forests,16.pdf,pu blic forests
PERSON,Divisi,43.pdf,divisi
PERSON,Sahel,89.pdf,sahel
PERSON,mem ber,24.pdf,mem ber
PERSON,Files,69.pdf,files
PERSON,Shinzo Abe,105.pdf,shinzo abe
PERSON,ed Nations,69.pdf,ed nations
PERSON,Bongoy – Mawalla,24.pdf,bongoy mawalla
PERSON,Procurem,38.pdf,procurem
PERSON,2 Representative,44.pdf,2 representative
PERSON,Masakazu Toyoda,106.pdf,masakazu toyoda
PERSON,Sarkozy,89.pdf,sarkozy
PERSON,Dickson Mzumara,24.pdf,dickson mzumara
PERSON,Sarkozy,111.pdf,sarkozy
PERSON,Ktherefore,15.pdf,ktherefore
PERSON,w ho,2.pdf,w ho
PERSON,withdra,2.pdf,withdra
PERSON,Pri,31.pdf,pri
PERSON,Stoy,24.pdf,stoy
PERSON,Pri,11.pdf,pri
PERSON,Pristina,1.pdf,pristina
PERSON,Olokodana,24.pdf,olokodana
PERSON,KadvisesKyouKthatKeviden,15.pdf,kadviseskyoukthatkeviden
PERSON,chao s,26.pdf,chao s
PERSON,passeng,31.pdf,passeng
PERSON,irregularl,8.pdf,irregularl
PERSON,passeng,11.pdf,passeng
PERSON,UNDP Bratislava,21.pdf,undp bratislava
PERSON,Euro,31.pdf,euro
PERSON,ed bribery case,49.pdf,ed bribery case
PERSON,MONUC,43.pdf,monuc
PERSON,Vendor 3’s,4.pdf,vendor 3s
PERSON,Euro,11.pdf,euro
PERSON,"Vendor 2 
Representative",44.pdf,vendor 2 representative
PERSON,Kshs,69.pdf,kshs
PERSON,Gen,73.pdf,gen
PERSON,nam e,39.pdf,nam e
PERSON,"Carbon Emissions
WikiLeaks",106.pdf,carbon emissions wikileaks
PERSON,Email,24.pdf,email
PERSON,Articles 15.1,8.pdf,articles 151
PERSON,Partner 4,51.pdf,partner 4
PERSON,includin g,2.pdf,includin g
PERSON,Vendor 2’s,8.pdf,vendor 2s
PERSON,V. Recommendations,14.pdf,v recommendations
PERSON,Vendor 2’s,38.pdf,vendor 2s
PERSON,Vendor 3,4.pdf,vendor 3
PERSON,Top Secret,91.pdf,top secret
PERSON,Vendor 1,16.pdf,vendor 1
PERSON,"KPristinaKAirportKcollectsKmailA
handlingKrevenuesKonKbehalfKofKtheKAirlineKandKdepo",15.pdf,kpristinakairportkcollectskmaila handlingkrevenueskonkbehalfkofkthekairlinekandkdepo
PERSON,Revi,38.pdf,revi
PERSON,Euro,4.pdf,euro
PERSON,UNMIL,63.pdf,unmil
PERSON,Vendor 2,4.pdf,vendor 2
PERSON,Top Secret,106.pdf,top secret
PERSON,Francis Montil,27.pdf,francis montil
PERSON,Pris,2.pdf,pris
PERSON,Hajvali,13.pdf,hajvali
PERSON,Vendor 1,4.pdf,vendor 1
PERSON,Vendor 2,44.pdf,vendor 2
PERSON,WPVI,35.pdf,wpvi
PERSON,Divisi,10.pdf,divisi
PERSON,KthatKnoKf,15.pdf,kthatknokf
PERSON,Herman Van Rompuy,111.pdf,herman van rompuy
PERSON,Thunderbird,82.pdf,thunderbird
PERSON,"Negroponte  
",24.pdf,negroponte
PERSON,explana tions,26.pdf,explana tions
PERSON,Mr. Ba hel,82.pdf,mr ba hel
PERSON,Vendor 1,44.pdf,vendor 1
PERSON,Membe,39.pdf,membe
PERSON,Simila,14.pdf,simila
PERSON,Top Secret,108.pdf,top secret
PERSON,Airport,2.pdf,airport
PERSON,"KwasKprovidedKwithKaKcopyKofKaKletterKdatedK28K
MayK2004,KfromKtheKCargoKManagerKofKanKAirlineKtoKa KStaffKMemberKofKPublicKEnterpriseK",15.pdf,kwaskprovidedkwithkakcopykofkakletterkdatedk28k mayk2004kfromkthekcargokmanagerkofkankairlinektoka kstaffkmemberkofkpublickenterprisek
PERSON,John Kerry,24.pdf,john kerry
PERSON,Vendor 1’s,4.pdf,vendor 1s
PERSON,dealin gs,60.pdf,dealin gs
PERSON,Copy,36.pdf,copy
PERSON,Toyoda,106.pdf,toyoda
PERSON,Mark Gough,36.pdf,mark gough
PERSON,"itwouldbedifficultfortheUNtomakea
commitmentinPoznan.BanalsomaintainedthatsincethenewU.S.administrationwillhavea",114.pdf,itwouldbedifficultfortheuntomakea commitmentinpoznanbanalsomaintainedthatsincethenewusadministrationwillhavea
PERSON,Vendor 2,39.pdf,vendor 2
PERSON,Hiwot Abebe,24.pdf,hiwot abebe
PERSON,Vendor 5,16.pdf,vendor 5
PERSON,issu ed,2.pdf,issu ed
PERSON,Vendor 1,39.pdf,vendor 1
PERSON,D. Interviews,69.pdf,d interviews
PERSON,monie,51.pdf,monie
PERSON,Dell,82.pdf,dell
PERSON,Sanjaya Bahe l,82.pdf,sanjaya bahe l
PERSON,John Negropont,24.pdf,john negropont
PERSON,Partner 4’s,51.pdf,partner 4s
PERSON,Cramer Antenna,1.pdf,cramer antenna
PERSON,Offic,63.pdf,offic
PERSON,provid ed,2.pdf,provid ed
PERSON,Works,39.pdf,works
PERSON,Sanjaya,82.pdf,sanjaya
PERSON,Economic Law,1.pdf,economic law
PERSON,MONUC,10.pdf,monuc
PERSON,Divis,43.pdf,divis
PERSON,Liaison,26.pdf,liaison
PERSON,hose,2.pdf,hose
PERSON,Stoykov,24.pdf,stoykov
PERSON,Jean­David Levitte,89.pdf,jeandavid levitte
PERSON,Constitutio,52.pdf,constitutio
PERSON,V. Recommendations,38.pdf,v recommendations
PERSON,relat ed,2.pdf,relat ed
PERSON,chec k,21.pdf,chec k
PERSON,Berlusconi,111.pdf,berlusconi
PERSON,Silvio Berlusconi,111.pdf,silvio berlusconi
PERSON,Vintzis,24.pdf,vintzis
PERSON,Euro,5.pdf,euro
PERSON,George W Bush,105.pdf,george w bush
PERSON,Annex Agreement Ref,5.pdf,annex agreement ref
PERSON,Patrick Ricard,89.pdf,patrick ricard
PERSON,Ven,16.pdf,ven
PERSON,Top Secret,107.pdf,top secret
PERSON,Divisi,2.pdf,divisi
PERSON,Offici al 4,26.pdf,offici al 4
PERSON,Simila,38.pdf,simila
PERSON,Vendor 2’s,4.pdf,vendor 2s
PERSON,Sta,82.pdf,sta
PERSON,don e.,14.pdf,don e
PERSON,Airlin,47.pdf,airlin
PERSON,Divis,49.pdf,divis
PERSON,Restraint,107.pdf,restraint
PERSON,Vendor 3,1.pdf,vendor 3
PERSON,irregularl,39.pdf,irregularl
PERSON,Bidding,16.pdf,bidding
PERSON,Photocopying Assi,21.pdf,photocopying assi
PERSON,Paul-Lachal Roberts,36.pdf,paul-lachal roberts
PERSON,"KtheKCargoKManagerK referredKtoKseveralKproblemsKrelativeKtoKanK
",15.pdf,kthekcargokmanagerk referredktokseveralkproblemskrelativektokank
PERSON,Airport Official,14.pdf,airport official
PERSON,Vendor 2,1.pdf,vendor 2
PERSON,Expenditures,45.pdf,expenditures
PERSON,ed PT.8’s,26.pdf,ed pt8s
PERSON,Border Control,16.pdf,border control
PERSON,Vimont,89.pdf,vimont
PERSON,Consultan,21.pdf,consultan
PERSON,Vendor 4,16.pdf,vendor 4
PERSON,Dodd,24.pdf,dodd
PERSON,Nicolas Sarkozy,89.pdf,nicolas sarkozy
PERSON,John Negroponte,24.pdf,john negroponte
PERSON,Euros,51.pdf,euros
PERSON,Negro,24.pdf,negro
PERSON,Cabrera,82.pdf,cabrera
PERSON,Articles 15.1,39.pdf,articles 151
PERSON,Barack Obama,89.pdf,barack obama
PERSON,"Cherry Feud
WikiLeaks",108.pdf,cherry feud wikileaks
PERSON,E. Interview,24.pdf,e interview
PERSON,Howev,24.pdf,howev
PERSON,se al,69.pdf,se al
PERSON,Jean-Marie Guehenno,35.pdf,jean-marie guehenno
PERSON,Vendor 2’s,39.pdf,vendor 2s
PERSON,Gov,24.pdf,gov
PERSON,Ba hel,82.pdf,ba hel
PERSON,Doubles Down,106.pdf,doubles down
PERSON,tempora,4.pdf,tempora
PERSON,Valentino Valentini,111.pdf,valentino valentini
PERSON,perpetrat ed,24.pdf,perpetrat ed
PERSON,ed with de-,31.pdf,ed with de-
PERSON,Airport,1.pdf,airport
PERSON,Divis,10.pdf,divis
PERSON,ed with de-,11.pdf,ed with de-
PERSON,Cabrer,82.pdf,cabrer
PERSON,Officia,26.pdf,officia
PERSON,Kohli,82.pdf,kohli
PERSON,Barbara Dixon,27.pdf,barbara dixon
PERSON,Boss,24.pdf,boss
PERSON,Levitte,89.pdf,levitte
PERSON,Pri,14.pdf,pri
PERSON,KMarkKGough,15.pdf,kmarkkgough
PERSON,Carbon Emissions,105.pdf,carbon emissions
PERSON,Bush,24.pdf,bush
PERSON,Top Secret,105.pdf,top secret
PERSON,Partn,51.pdf,partn
PERSON,"8,000.00 Euros",51.pdf,800000 euros
PERSON,DISCUSSION,82.pdf,discussion
PERSON,LaCresta,82.pdf,lacresta
PERSON,Jean-David Levitte,91.pdf,jean-david levitte
PERSON,Jean-David Levitte,89.pdf,jean-david levitte
PERSON,James Wasserstrom,36.pdf,james wasserstrom
PERSON,Committ,14.pdf,committ
PERSON,Cheney,24.pdf,cheney
PERSON,Contract,52.pdf,contract
PERSON,Sanjaya Bahel,82.pdf,sanjaya bahel
PERSON,Mzumara,24.pdf,mzumara
PERSON,Angela Merkel,111.pdf,angela merkel
PERSON,ed Nations,63.pdf,ed nations
PERSON,possib le,69.pdf,possib le
PERSON,La Cresta’s,82.pdf,la crestas
PERSON,Howev,21.pdf,howev
PERSON,Airpo rt Official,14.pdf,airpo rt official
PERSON,don e.,38.pdf,don e
PERSON,Walter Cabrera,82.pdf,walter cabrera
PERSON,Supervisor,21.pdf,supervisor
PERSON,Restraint,105.pdf,restraint
PERSON,Vendor 2,14.pdf,vendor 2
PERSON,Wolfgang Nikolaus,36.pdf,wolfgang nikolaus
PERSON,Hiwot,24.pdf,hiwot
PERSON,KbyKthisKmemorandum,15.pdf,kbykthiskmemorandum
PERSON,Vendor 1,14.pdf,vendor 1
PERSON,Nobutaka Machimura,107.pdf,nobutaka machimura
PERSON,Pernod,89.pdf,pernod
PERSON,Pierre Vimont,89.pdf,pierre vimont
PERSON,Airport Official,38.pdf,airport official
PERSON,I. Background,14.pdf,i background
PERSON,Klaus Toepfer,27.pdf,klaus toepfer
PERSON,nam e,8.pdf,nam e
PERSON,Alexander Yakovlev,82.pdf,alexander yakovlev
PERSON,V. CONCLUSION,51.pdf,v conclusion
PERSON,Nishan Kohli,82.pdf,nishan kohli
PERSON,Jane Redfern,82.pdf,jane redfern
PERSON,mem ber 4,13.pdf,mem ber 4
PERSON,Vendor 1’s,14.pdf,vendor 1s
PERSON,Vendor 3’s,16.pdf,vendor 3s
PERSON,"KTheKancillaryKissuesKofKtheK
disputedKmailKhandlingKrateKandKtheKapplicationKofK",15.pdf,kthekancillarykissueskofkthek disputedkmailkhandlingkratekandkthekapplicationkofk
PERSON,Specia,24.pdf,specia
PERSON,G-8,107.pdf,g-8
PERSON,Pri,2.pdf,pri
PERSON,Atlas,21.pdf,atlas
PERSON,Charles Brayshaw,35.pdf,charles brayshaw
PERSON,Procurem,14.pdf,procurem
PERSON,Bahel,82.pdf,bahel
PERSON,Vendor 3,16.pdf,vendor 3
PERSON,al systems,24.pdf,al systems
PERSON,ade,36.pdf,ade
PERSON,Cherry,108.pdf,cherry
PERSON,Pri,38.pdf,pri
PERSON,Vendor 2,16.pdf,vendor 2
PERSON,Membe,8.pdf,membe
PERSON,Euro,2.pdf,euro
PERSON,Pri,51.pdf,pri
PERSON,"Saddam Hussein
Restraint",91.pdf,saddam hussein restraint
PERSON,John Todd,35.pdf,john todd
PERSON,Nicolas Sarkozy,111.pdf,nicolas sarkozy
PERSON,Walter Cab,82.pdf,walter cab
PERSON,Top Secret,89.pdf,top secret
PERSON,KInKtheKletter,15.pdf,kinkthekletter
PERSON,hasgivennoticethatitintendstostriveforalong-termcommitmenton,113.pdf,hasgivennoticethatitintendstostriveforalong-termcommitmenton
PERSON,approva l,47.pdf,approva l
PERSON,Cap,45.pdf,cap
