type,entity,source
ORG,NOFORN,105.pdf
ORG,Climate Change Officials,106.pdf
ORG,Airlines,11.pdf
ORG,Department,36.pdf
ORG,UNICEF Management ag,69.pdf
ORG,KFOR,5.pdf
ORG,PCAU,27.pdf
ORG,UNITED NATIONS                                            NATIONS,24.pdf
ORG,United Nations Environment Programme,27.pdf
ORG,United Nations Sec,10.pdf
ORG,UN Regulations,24.pdf
ORG,"the Chartered 
Accountants",31.pdf
ORG,UNMIL’s Spec ial Investigation Unit,63.pdf
ORG,DRA,16.pdf
ORG,Committee,14.pdf
ORG,Financ,21.pdf
ORG,"the Annex 
Agreement",5.pdf
ORG,Direct Single Source Procurement,4.pdf
ORG,a Bid Evaluation Committee,38.pdf
ORG,the Procurement Task Force,82.pdf
ORG,• Airline,11.pdf
ORG,UNITED NATIONS,43.pdf
ORG,Financial Agreemen,1.pdf
ORG,ITF,31.pdf
ORG,"I. INTRODUCTION 
 
",43.pdf
ORG,PRIO Unit’s,16.pdf
ORG,"National 
Identification Card",69.pdf
ORG,the D/SRSG Pillar IV,39.pdf
ORG,"Intérimaire des Nations    
       Unies",1.pdf
ORG,United Nations,2.pdf
ORG,III - Investigative Details,13.pdf
ORG,"the 
Public Enterprise Airport Pristina",10.pdf
ORG,The United Nations Office,21.pdf
ORG,DPKO,10.pdf
ORG,United Nations,69.pdf
ORG,The Civil Engineer,38.pdf
ORG,Internal Oversight Unit,16.pdf
ORG,Chartered Account,31.pdf
ORG,Organization,27.pdf
ORG,Council,63.pdf
ORG,the Investigation Task Force,39.pdf
ORG,"APPLICABLE  LAWS 
 
2",26.pdf
ORG,UNMIK Fi,10.pdf
ORG,the United Nations,73.pdf
ORG,"the 
Public Enterprise Airport Pristina",9.pdf
ORG,the Executive Decision,52.pdf
ORG,Direct-Single Source,5.pdf
ORG,The ACGD Offi,26.pdf
ORG,the Air BP,52.pdf
ORG,United Nations,73.pdf
ORG,Division,26.pdf
ORG,UNMIK Pillar IV,51.pdf
ORG,ID/OIO S,26.pdf
ORG,the Eval uation Committee,39.pdf
ORG,the Evaluatio n Committee,39.pdf
ORG,STRICTLY,60.pdf
ORG,Council,8.pdf
ORG,Airport Engineer 1,39.pdf
ORG,IATA,11.pdf
ORG,Procure,39.pdf
ORG,Rompuy,111.pdf
ORG,Finance,21.pdf
ORG,a Bid Opening Commit,14.pdf
ORG,Repor,21.pdf
ORG,"UNMIK 
 
",36.pdf
ORG,VIII,26.pdf
ORG,SECRET//COMINT//REL TO USA,91.pdf
ORG,UNDP,26.pdf
ORG,Iraq Survey Group,91.pdf
ORG,the Task Force,82.pdf
ORG,the Investigation Task Force,4.pdf
ORG,KFOR,31.pdf
ORG,The Investigations Division of the Office of Int ernal Oversight Services,60.pdf
ORG,KTA,38.pdf
ORG,"Consolidated Budget 
Funds",43.pdf
ORG,Flat Display Information System,1.pdf
ORG,ITF,8.pdf
ORG,Kosovo Trust Agency,38.pdf
ORG,Facility Application & Agreement Form,69.pdf
ORG,UNMIK CIVPOL,47.pdf
ORG,Intérimaire des Nations,14.pdf
ORG,the Prist ina Airport,47.pdf
ORG,Pillar,31.pdf
ORG,UNITED NATIONS,15.pdf
ORG,UNMIK Pillar IV,38.pdf
ORG,NATIONS,21.pdf
ORG,Tender Documents,39.pdf
ORG,Z­3/OO/515570­09,108.pdf
ORG,DOTI,5.pdf
ORG,"Investigation Task Force 
 
Allegation of Possible Bribery",49.pdf
ORG,"Investigation Task Force 
 
 
 
Investigation",8.pdf
ORG,Divisional,10.pdf
ORG,Finance,51.pdf
ORG,Ancillary Physical Services,4.pdf
ORG,IMIS,26.pdf
ORG,Ministry of Foreign Affairs,105.pdf
ORG,United Nations,35.pdf
ORG,un,14.pdf
ORG,the Capital Expenditure,45.pdf
ORG,"the Evaluation 
Committee",8.pdf
ORG,"the Goods, Works or Services",5.pdf
ORG,"United Nations Interim 
Administration Mission",52.pdf
ORG,Pristina Air,8.pdf
ORG,Div,5.pdf
ORG,IAD,63.pdf
ORG,Department of Agriculture,16.pdf
ORG,Gotive H41 IB,16.pdf
ORG,"International
Energy Agency",106.pdf
ORG,Bank,52.pdf
ORG,Company,52.pdf
ORG,Immigration,47.pdf
ORG,UNITED NATIONS,1.pdf
ORG,UN-S,69.pdf
ORG,"the Chartered 
Accountants",10.pdf
ORG,STRICTLY,26.pdf
ORG,Airline,47.pdf
ORG,ge,51.pdf
ORG,"K 
 K
REFERENCE",15.pdf
ORG,"UNMIK 
Bank Account",52.pdf
ORG,Identification & Registration,16.pdf
ORG,the Airport Management,44.pdf
ORG,"K
K
cc:K Mr.",15.pdf
ORG,the Kosovo Trust Agency,31.pdf
ORG,ITF,10.pdf
ORG,United,27.pdf
ORG,"the Chartered 
Accountants",9.pdf
ORG,Loan Application & Loan Agreement Form,69.pdf
ORG,UNON,73.pdf
ORG,The DCDM Audit Report,52.pdf
ORG,"the Finance 
Administration Instruction 1999/2",45.pdf
ORG,"La Cresta 
Communications",82.pdf
ORG,Immigration Department,47.pdf
ORG,UN,39.pdf
ORG,PCCK,51.pdf
ORG,ITF,9.pdf
ORG,ID/OIOS Investigators,21.pdf
ORG,the Office for Coordination of Oversight of Publicly -Owned Enterprises,47.pdf
ORG,the UNMIK Public Procurement Regula,10.pdf
ORG,the Expansion of the Terminal Building,44.pdf
ORG,Management Letter,47.pdf
ORG,the Financial Investigati on Unit,38.pdf
ORG,KTA,2.pdf
ORG,U NON,69.pdf
ORG,Pillar,8.pdf
ORG,justi fication memorandum,9.pdf
ORG,"the Chartered 
Accountants",2.pdf
ORG,the Passenger Handling Services Department,47.pdf
ORG,BACKGROUND,2.pdf
ORG,Justice,36.pdf
ORG,UNMIK,1.pdf
ORG,"KWolfgangKNikolaus,",15.pdf
ORG,"Tenders” 
 
Allegation 3 : that",14.pdf
ORG,"BACKGROUND INFORMATION 
 
A. UN-SACCO 
 
5",69.pdf
ORG,SECRET//COMINT//REL TO USA,107.pdf
ORG,positivesignalsandcontinuedleadershipfromtheEU,114.pdf
ORG,"2 
 
Provisional Criminal Code of",14.pdf
ORG,Public Procurement,43.pdf
ORG,UNMIK Pillar IV,2.pdf
ORG,Kosovo Consolidated Budget Funds,8.pdf
ORG,"the Transport 
Sector of the UNMIK Directorate of Infrastructure A",5.pdf
ORG,DOTI,4.pdf
ORG,Divisional,49.pdf
ORG,KVS,16.pdf
ORG,Vendor,39.pdf
ORG,"BACKGROUND INFORMATION 
 
4",39.pdf
ORG,the Investigations Division,69.pdf
ORG,"the Japanese Ministry of Agriculture, Forestry and Fisheries",108.pdf
ORG,"Airport 
Engineer",49.pdf
ORG,UNICEF/Somalia,69.pdf
ORG,Telecommunication Consultants,82.pdf
ORG,UNMIK Police Officer,49.pdf
ORG,UN,4.pdf
ORG,OIOS,21.pdf
ORG,"the UNMIK 
Office of the Legal Adviser",43.pdf
ORG,"U N I T E D   N A T I O N S 
 
 
 
Office of Internal Oversight Services 
Investigations Division",63.pdf
ORG,National Security Agency,89.pdf
ORG,"Unconventional
Japaneseleadership
Z-3/OO/33343-06,291712Z",110.pdf
ORG,the International Energy Agency,106.pdf
ORG,a Secret US National Security Agency,105.pdf
ORG,Justice,51.pdf
ORG,KFOR,10.pdf
ORG,Depar,51.pdf
ORG,Bank,26.pdf
ORG,Co,51.pdf
ORG,Prishtina Air,2.pdf
ORG,Mauritius,26.pdf
ORG,PEAP Offi,49.pdf
ORG,the Kosovo Trust Agency,8.pdf
ORG,United Nations Agencies,69.pdf
ORG,Organizatio,24.pdf
ORG,"the 
Department of Justice",38.pdf
ORG,UNITED NATIONS,5.pdf
ORG,Allegation 2,27.pdf
ORG,Council,43.pdf
ORG,Cabinet,107.pdf
ORG,the un iforms,14.pdf
ORG,Birol,106.pdf
ORG,the Civil Administration,31.pdf
ORG,the UN System,24.pdf
ORG,EVIDENCE,24.pdf
ORG,the Investigation Task Force,43.pdf
ORG,Transportation,14.pdf
ORG,"the Airline ""Load Sheets",47.pdf
ORG,NSA,91.pdf
ORG,Pillar,9.pdf
ORG,PE AP,44.pdf
ORG,U,26.pdf
ORG,La Cresta’s,82.pdf
ORG,NSA,105.pdf
ORG,the Letter of Not,45.pdf
ORG,KCC,51.pdf
ORG,Consulting Firm,31.pdf
ORG,HCC,82.pdf
ORG,the Ministry of Finance,14.pdf
ORG,"SIU Investigation SIU/MON/0090/04  
 
",63.pdf
ORG,DSA,26.pdf
ORG,Airport Engineer 1,43.pdf
ORG,Capital Expenditure,45.pdf
ORG,DOTI,11.pdf
ORG,UNDP Bratislava,21.pdf
ORG,EIA,16.pdf
ORG,UNMIK Bank Subject Account,52.pdf
ORG,Organization,69.pdf
ORG,the Cargo Department,51.pdf
ORG,PISG,2.pdf
ORG,OPOE,36.pdf
ORG,"the Investigations 
Division of the Office of Internal Oversight Servic",21.pdf
ORG,an Economic Commission of  Africa,26.pdf
ORG,TF,1.pdf
ORG,UN,11.pdf
ORG,Ministry of Economy Trade and Industry,106.pdf
ORG,Air Traffic Control Services,2.pdf
ORG,National Security Agency,107.pdf
ORG,the Kosovo Trust Agency,10.pdf
ORG,"Airline 3, Airline 4, Airl ine 5 and Airline",11.pdf
ORG,the Cargo Apron,43.pdf
ORG,Employees,2.pdf
ORG,"Technology Services 
Division",82.pdf
ORG,Airline 2 Pristina Office,51.pdf
ORG,"Investigation Task Force 
 
 
Irregularities",9.pdf
ORG,the Rescue Fire Fighting Service,5.pdf
ORG,instru,51.pdf
ORG,Managing Partner,82.pdf
ORG,UNMIK Pil lar IV,49.pdf
ORG,PPFD,26.pdf
ORG,BACKGROUND INFORMATION    ,24.pdf
ORG,CITS,82.pdf
ORG,UNMIK Pil,13.pdf
ORG,ATCS bank,2.pdf
ORG,the Kosovo Trust Agency,9.pdf
ORG,United Nations,21.pdf
ORG,Tender Documents,43.pdf
ORG,the Procurement Regulation,1.pdf
ORG,Abuse of Office,51.pdf
ORG,ITF,14.pdf
ORG,doc,43.pdf
ORG,VALA,2.pdf
ORG,the Civil Administration,8.pdf
ORG,UN System,24.pdf
ORG,Vendor,38.pdf
ORG,the Air Traffic Control Services,39.pdf
ORG,United Nations,31.pdf
ORG,"PROCUREMENT TASK FORCE  
REPORT",82.pdf
ORG,EADS,89.pdf
ORG,UNMIK,39.pdf
ORG,DPA,73.pdf
ORG,ECA,24.pdf
ORG,the Project Engineer,10.pdf
ORG,Personnel Status File,24.pdf
ORG,US Government,24.pdf
ORG,Internal Audit Unit,14.pdf
ORG,the Bid Opening Committee,14.pdf
ORG,the UNMIK Kosovo Interim Administration’s,39.pdf
ORG,Kosovo Force,31.pdf
ORG,United Nations Sec,31.pdf
ORG,"United 
Nations",82.pdf
ORG,the U.S. Congress,91.pdf
ORG,Barclay  Bank,26.pdf
ORG,the ACGD Office,26.pdf
ORG,"Tenders” 
 
Allegation 4 :",14.pdf
ORG,Consulta,21.pdf
ORG,UNMIK Finance Regulation,10.pdf
ORG,KTA Internal Audit,14.pdf
ORG,UNEPIPCAU Consultant,27.pdf
ORG,UNMIK Regulation No 1/,8.pdf
ORG,Central Procurement Entity,16.pdf
ORG,Dickson Mzumara,24.pdf
ORG,UNITED NATIONS,51.pdf
ORG,Department 1,2.pdf
ORG,Capital Expenditure Approval,45.pdf
ORG,the Provisional Institutions,2.pdf
ORG,The Directorate of Rural Affairs,16.pdf
ORG,the United Nations,63.pdf
ORG,UN,43.pdf
ORG,UNMIK,4.pdf
ORG,CONCLUSIONS,26.pdf
ORG,FVEY,112.pdf
ORG,the Department of Transport,39.pdf
ORG,"Intérimaire des Nations 
Unies",15.pdf
ORG,the Task Force’s,82.pdf
ORG,United Nations,63.pdf
ORG,Finance,14.pdf
ORG,IV04/262/03,47.pdf
ORG,YCAA,35.pdf
ORG,UN,69.pdf
ORG,Economy Trade and Industry,105.pdf
ORG,Insurance Company 2,36.pdf
ORG,"Intérimaire des Nations    
       Unies",13.pdf
ORG,Airlines,31.pdf
ORG,The Ta sk Force,82.pdf
ORG,"UNMIK’s Finance 
Administrative",16.pdf
ORG,Divisional Ma,5.pdf
ORG,Contract,9.pdf
ORG,Interna l Audit Unit,14.pdf
ORG,Direct Single Source Procurement,5.pdf
ORG,UNITED NATIONS,11.pdf
ORG,the Passenger Terminal Building,44.pdf
ORG,IEA,106.pdf
ORG,Barclays,26.pdf
ORG,United Nations,8.pdf
ORG,KCB,16.pdf
ORG,"BACKGROUND INFORMATION 
 
4",43.pdf
ORG,the Finance Office,14.pdf
ORG,the Finance Department,38.pdf
ORG,Consolidated Budget Funds,5.pdf
ORG,UNITED NATIONS,38.pdf
ORG,UNON,21.pdf
ORG,VIII,24.pdf
ORG,• Airline,31.pdf
ORG,Dell,82.pdf
ORG,IOV,21.pdf
ORG,"the Transport 
Sector of the UNMIK Directorate of Infrastructure A",10.pdf
ORG,SIU,63.pdf
ORG,Kosovo Force,8.pdf
ORG,the Bid Evaluation Committee,38.pdf
ORG,United Nations Sec,8.pdf
ORG,"the Bid Evaluation 
Committee",14.pdf
ORG,"UNMIK 
 
Investigation Task Force 
 
 
 
Date",36.pdf
ORG,UNEP Staff,27.pdf
ORG,Office of Legal Affairs,24.pdf
ORG,Intérimaire des Nations,52.pdf
ORG,the ATCS Finance,2.pdf
ORG,LOI,82.pdf
ORG,DPKO,63.pdf
ORG,United States,24.pdf
ORG,the Border Police Investigations Unit,49.pdf
ORG,Air Traffic Control Services,43.pdf
ORG,UNMIK Regulation No 1/,9.pdf
ORG,UNEP,21.pdf
ORG,ID Investigato,26.pdf
ORG,The Investigation Task Force,2.pdf
ORG,Sec,63.pdf
ORG,the Air Traffic Control Services,11.pdf
ORG,the United Nations Environmental Programme,27.pdf
ORG,IBM,82.pdf
ORG,the Prishtina Airpor,2.pdf
ORG,"the 
Public Enterprise Airport Pristina",8.pdf
ORG,the Evaluat ion Company,10.pdf
ORG,UNMIK,11.pdf
ORG,the Evaluation Company,43.pdf
ORG,"APPLICABLE LEGAL NORMS 
 
Staff Regulation",63.pdf
ORG,Air,13.pdf
ORG,Divisional,31.pdf
ORG,Council,5.pdf
ORG,UNMIK,38.pdf
ORG,"White 
House",24.pdf
ORG,the Integrated Management Informat ion System,26.pdf
ORG,Bid Eva luation Committee,38.pdf
ORG,LaCresta,82.pdf
ORG,BACKGROUND,21.pdf
ORG,the Kosovo Organised Crime Bureau,1.pdf
ORG,United Nations Security Co,2.pdf
ORG,"I. INTRODUCTION 
 
",10.pdf
ORG,the Investigation Task Force,5.pdf
ORG,"Investigation Task Force 
 
Alleged Irregularities",52.pdf
ORG,Kosovo Force,10.pdf
ORG,the Rescue Fire Fighting Ser,5.pdf
ORG,American Government,24.pdf
ORG,BACKGROUND,31.pdf
ORG,The Investigations Division of the Office of Int ernal Oversight Services,16.pdf
ORG,Co-Perpetration,51.pdf
ORG,Reducing Carbon Emissions,105.pdf
ORG,The Finance Department,21.pdf
ORG,"the United 
Nations Development Programme",21.pdf
ORG,Manchester Technologies,82.pdf
ORG,"INVESTIGATION TASK FORCE 
 
Allegation",51.pdf
ORG,the Department of Transport,11.pdf
ORG,Kosovo Force,9.pdf
ORG,Kosovar,47.pdf
ORG,United Nations Sec,9.pdf
ORG,BACKGROUND INFORMATION,52.pdf
ORG,UNITED NATIONS,2.pdf
ORG,"the 
Insurance Company 2",36.pdf
ORG,"I.  INTRODUCTION 
 
",21.pdf
ORG,the Cargo Handling Office,51.pdf
ORG,Ancillary Physical Services,5.pdf
ORG,Council,39.pdf
ORG,"UNMIK 
 
Subject",36.pdf
ORG,UNITED NATIONS,69.pdf
ORG,Consulting Company,43.pdf
ORG,the X-Ray Contract,45.pdf
ORG,the Procure ment Regulation,44.pdf
ORG,Favou,38.pdf
ORG,ST/SGB/2003/7,26.pdf
ORG,"Investigation Task Force 
 
 
Allegations",11.pdf
ORG,EU,108.pdf
ORG,"the 
Office of the Legal Adviser",10.pdf
ORG,the Post-Conflict Assessment Unit,27.pdf
ORG,Custo ms Duties,51.pdf
ORG,Kosovo Trust Age,45.pdf
ORG,the J AB,24.pdf
ORG,Schedule VI,35.pdf
ORG,UNITED NATIONS,73.pdf
ORG,OLA,24.pdf
ORG,Divisional,8.pdf
ORG,ITF,45.pdf
ORG,Secretariat,24.pdf
ORG,ITF,39.pdf
ORG,• Employees,11.pdf
ORG,UNICEF/Soma,69.pdf
ORG,UNITED NATIONS,49.pdf
ORG,UNMIK,43.pdf
ORG,the Bid Opening Committee (Procureme nt Officer 1 and,14.pdf
ORG,Council,4.pdf
ORG,the African Cen,26.pdf
ORG,IAU,14.pdf
ORG,the UNMIK Kosovo Interim Administration’s,43.pdf
ORG,the Capita l Expenditure,45.pdf
ORG,the “Gotive H41,16.pdf
ORG,Organization,82.pdf
ORG,SIGINT,89.pdf
ORG,"Investigation Task Force 
 
 
 
Investigation",39.pdf
ORG,"the Chartered 
Accountants",8.pdf
ORG,EU,106.pdf
ORG,Division,2.pdf
ORG,European Aeronautic Defence,89.pdf
ORG,al l,2.pdf
ORG,"the Evaluation 
Committee",39.pdf
ORG,Judicial Authorities,51.pdf
ORG,Pristina Air,39.pdf
ORG,Head of Department,2.pdf
ORG,Investigation Task Force,36.pdf
ORG,Annex,5.pdf
ORG,VI,5.pdf
ORG,Euro,49.pdf
ORG,"the Bid 
Evaluation Committee",14.pdf
ORG,the United Nations ST/SGB/2003/7,73.pdf
ORG,Credit Society Lim,69.pdf
ORG,"United Nations Interim 
Administration Mission",51.pdf
ORG,H CC minutes,82.pdf
ORG,UNEP Narobi,21.pdf
ORG,paragrap h 15.a,26.pdf
ORG,Handling Services Department,47.pdf
ORG,Procurement Offi,38.pdf
ORG,Organization,24.pdf
ORG,UNMIK,49.pdf
ORG,Company,51.pdf
ORG,UN,5.pdf
ORG,Assembly of Kosovo,45.pdf
ORG,"BACKGROUND INFORMATION 
 
3",63.pdf
ORG,Restaurant 2,13.pdf
ORG,Ministry of Economy Trade and Industry,107.pdf
ORG,3the procurement department,82.pdf
ORG,Airport Pristina Management Group,47.pdf
ORG,the ATCS Finance Office,2.pdf
ORG,UNDP,73.pdf
ORG,Participant 2,26.pdf
ORG,UNON Management,69.pdf
ORG,Ministry of Agriculture Forestry and Fisheries,108.pdf
ORG,UN Missions,82.pdf
ORG,Pillar,45.pdf
ORG,Pillar,39.pdf
ORG,Company/Insuranc e Company 1,36.pdf
ORG,"the 
Public Enterprise Airport Pristina",43.pdf
ORG,Council,11.pdf
ORG,Tender Documents,4.pdf
ORG,06/2002,2.pdf
ORG,the Bid Opening Co,14.pdf
ORG,"BACKGROUND INFORMATION 
 
4",5.pdf
ORG,Transport and Infrastructure,10.pdf
ORG,IAD-1/OIOS,63.pdf
ORG,Veterinary Services &,16.pdf
ORG,The Investigations Division of the Office of Internal Oversight Services,27.pdf
ORG,Kosovo Consolidated Budget Funds,39.pdf
ORG,the Investigation Task Force,11.pdf
ORG,UNMIK Pillar IV,52.pdf
ORG,KFOR,8.pdf
ORG,"the 
Organization",63.pdf
ORG,ITF,52.pdf
ORG,UNMIK,35.pdf
ORG,ITF,36.pdf
ORG,NEC,82.pdf
ORG,The Capital Expenditure Approval,45.pdf
ORG,National Security Agency,91.pdf
ORG,Partici,26.pdf
ORG,STRICTLY,69.pdf
ORG,el ectronic,82.pdf
ORG,TF,2.pdf
ORG,PEA,49.pdf
ORG,Inter Office Vouchers,21.pdf
ORG,National Security Agency,105.pdf
ORG,the ATCS Procurem,5.pdf
ORG,the Eval uation Committee,8.pdf
ORG,the Department of Justice,36.pdf
ORG,UNDP Brati,21.pdf
ORG,the Airport General Services,47.pdf
ORG,NZL,107.pdf
ORG,KITFK,15.pdf
ORG,Air Traffic Control Services,5.pdf
ORG,Pillar,4.pdf
ORG,Kosovo Trust Agency,2.pdf
ORG,UN,82.pdf
ORG,UN,21.pdf
ORG,STRICTLY,73.pdf
ORG,the ministry's,108.pdf
ORG,ATC S,2.pdf
ORG,Bid Opening Committee,38.pdf
ORG,the Kosovo Trust Agency,39.pdf
ORG,Provisional Self-Government,52.pdf
ORG,DOTI,31.pdf
ORG,Section VI,16.pdf
ORG,Chartered Account,11.pdf
ORG,METHODOLOGY,26.pdf
ORG,Kosovo Consolidated Budget Funds,4.pdf
ORG,"OFF
Date:2004
Organization:National Security Agency",91.pdf
ORG,"Kosovo  
 
 Investigation Task Force",2.pdf
ORG,p,47.pdf
ORG,"KOPOEK
K",15.pdf
ORG,Congress,91.pdf
ORG,Finance Offi,2.pdf
ORG,"the 
African Centre for Women",26.pdf
ORG,Invest,2.pdf
ORG,"DM 50,000",4.pdf
ORG,the Investigation Task Force,10.pdf
ORG,bee n,2.pdf
ORG,Pub lic Procurement,5.pdf
ORG,"Investigation Task Force 
 
 
Irregularities",4.pdf
ORG,the Insurance Company 1 Contract Policy,36.pdf
ORG,a Bid Evaluation Committee,14.pdf
ORG,UN,24.pdf
ORG,• UNEP Narobi,21.pdf
ORG,Pillar,51.pdf
ORG,I. METHODOLOGY,8.pdf
ORG,the B id Evaluation Committee,38.pdf
ORG,"DM 14,357,949",31.pdf
ORG,the UNMIK Directorate of In frastructure Affairs,4.pdf
ORG,KFOR,9.pdf
ORG,Airport Engineer 1,10.pdf
ORG,the Information Technology Services Division,82.pdf
ORG,the Airpor t Handling Services Department,47.pdf
ORG,PISG,52.pdf
ORG,Airport,8.pdf
ORG,1 Report of Investigation,69.pdf
ORG,ID/OIOS,69.pdf
ORG,Section VI “Technical Spec,16.pdf
ORG,the Investigations Division of Office of Internal Oversight Services,73.pdf
ORG,The Civil Engineer,14.pdf
ORG,Committee,82.pdf
ORG,Kosovar,13.pdf
ORG,the Slovakian Police,21.pdf
ORG,The Task Force,82.pdf
ORG,"the Chartered 
Accountants",43.pdf
ORG,the Office of the Legal Adviser,10.pdf
ORG,the Cargo Apron,10.pdf
ORG,"the European 
Union",2.pdf
ORG,Pillar,11.pdf
ORG,"Credit 
Committee",69.pdf
ORG,"DPKO 
Ipav",35.pdf
ORG,"INVESTIGATION TASK FORCE 
 
Investigation into Allegations of Bribery",38.pdf
ORG,ITF,43.pdf
ORG,UNMIK Kosovo Interim Administration’s,4.pdf
ORG,Mounting of Sonic System,1.pdf
ORG,Customs Duties,51.pdf
ORG,the European Union,106.pdf
ORG,DOTI,8.pdf
ORG,Management Committee,69.pdf
ORG,the ATCS Financ e Office,2.pdf
ORG,OIOS,63.pdf
ORG,the Air Traffic Control Services,5.pdf
ORG,the UN Rules and Regulations,16.pdf
ORG,Fischer-Boelindicated,110.pdf
ORG,"the Transport 
Sector of the UNMIK Directorate of Infrastructure A",31.pdf
ORG,UNMIK,5.pdf
ORG,Misappropriation in Office,51.pdf
ORG,the Civil Administration,39.pdf
ORG,favou,38.pdf
ORG,"the ATCS 
Finance Office",2.pdf
ORG,Specialist,49.pdf
ORG,un,5.pdf
ORG,Air BP,52.pdf
ORG,the United Nations Politic al Office,73.pdf
ORG,EU Council,111.pdf
ORG,"the Evaluation 
Company",10.pdf
ORG,BTF,27.pdf
ORG,KTA,14.pdf
ORG,UNON Managers,69.pdf
ORG,the Investigation Task Force,49.pdf
ORG,ACGD,26.pdf
ORG,"the 
  UNON/ITS Staff",73.pdf
ORG,IECS,82.pdf
ORG,ATCS,5.pdf
ORG,"Intérimaire des Nations 
Unies",2.pdf
ORG,Kosovo Trust Agency,14.pdf
ORG,UNITED NATIONS,21.pdf
ORG,"the 
Procurement Department",82.pdf
ORG,US National Security Agency,106.pdf
ORG,ID/OIOS Case 0430/04,63.pdf
ORG,Kosovo Police Service,13.pdf
ORG,Insured,36.pdf
ORG,NOFORN,108.pdf
ORG,"Consolidated Budget 
Funds",5.pdf
ORG,UNMIK Pillar IV,14.pdf
ORG,the Bid Evaluat ion Committee,38.pdf
ORG,Finance,26.pdf
ORG,UNICEF,69.pdf
ORG,the Divisional Mana,4.pdf
ORG,the ATCS Management,2.pdf
ORG,Kand,15.pdf
ORG,the Immigration Department,47.pdf
ORG,"the 
Department of Justice",13.pdf
ORG,UNITED NATIONS,31.pdf
ORG,the Civil Administration,4.pdf
ORG,Danoffice,82.pdf
ORG,the Department of Transport,5.pdf
ORG,UNMIK Regulation No 1/,39.pdf
ORG,UNMIK Pillar,52.pdf
ORG,evaluati on committee,8.pdf
ORG,DOTI,10.pdf
ORG,"I. INTRODUCTION 
 
",31.pdf
ORG,UNMIK’s Directorate of Rural Affairs,16.pdf
ORG,Security Off,4.pdf
ORG,the Regional Crime Squad,49.pdf
ORG,UNICEF Somalia,69.pdf
ORG,UNMIK Bank  Account,52.pdf
ORG,Consulting Firm,8.pdf
ORG,UN,10.pdf
ORG,Consulting Company,4.pdf
ORG,UNMIK,44.pdf
ORG,Hebelievesthatthemid-DecemberEUSummitinBrusselswillimpactontheUNConference,114.pdf
ORG,the Ministry of Foreign Affairs,105.pdf
ORG,Organisation:National Security Agency,105.pdf
ORG,Handling Fees,11.pdf
ORG,NOFORN,106.pdf
ORG,the Investigation Task Force,35.pdf
ORG,"Unconventional 
 
International",107.pdf
ORG,"the Office of Internal 
Oversight Services",69.pdf
ORG,Committee,38.pdf
ORG,I - Allegations,13.pdf
ORG,Pillar,43.pdf
ORG,UNMIK Aviation Transport,2.pdf
ORG,Participant 3,26.pdf
ORG,Z­3/OO/4448­08,106.pdf
ORG,"the Transport 
Sector of the UNMIK Directorate of Infrastructure A",8.pdf
ORG,"Klaus-Dieter
Borchardt",110.pdf
ORG,UNMIK Civil Administration,16.pdf
ORG,Kosovo Consolidated Budget Funds,43.pdf
ORG,the Information Technology Service,73.pdf
ORG,AUS,107.pdf
ORG,UNMIK Regulation No 1/,4.pdf
ORG,Executive,24.pdf
ORG,United Nations,39.pdf
ORG,Vendor,10.pdf
ORG,UNMIK,31.pdf
ORG,the Passeng er Handling Services,47.pdf
ORG,European Union,106.pdf
ORG,UNMI K Pillar II,36.pdf
ORG,Z-3/OO/550156-11,111.pdf
ORG,UNDP,21.pdf
ORG,Kosovo Force,39.pdf
ORG,Financial Rule 104.10,26.pdf
ORG,United Nations Sec,39.pdf
ORG,Facilities Management Section,24.pdf
ORG,Airline Off,47.pdf
ORG,"I. INTRODUCTION 
 
",63.pdf
ORG,the Financial Investigati on Unit,14.pdf
ORG,the Evaluation Committee,8.pdf
ORG,"Investigation Task Force 
 
 
Irregularities",43.pdf
ORG,ITF,1.pdf
ORG,Unde,82.pdf
ORG,UNITED NATIONS,8.pdf
ORG,the Kosovo Trust Agency,43.pdf
ORG,UNMIK Bank Acc,52.pdf
ORG,Intérimaire des Nations,51.pdf
ORG,"United Nations Child ren’s Fund/Somalia Support 
Centre",69.pdf
ORG,Air Traffic Control Services,10.pdf
ORG,the Civil Administration,11.pdf
ORG,"Insurance 
Company 1",36.pdf
ORG,United Nations,16.pdf
ORG,Septe,43.pdf
ORG,The Investigation Task Force,52.pdf
ORG,"KInvestigation Task Force 
 2",15.pdf
ORG,"I. INTRODUCTION 
 
",8.pdf
ORG,KTA Procure,49.pdf
ORG,"the 
Public Enterprise Airport Pristina",39.pdf
ORG,the Department of Transport,31.pdf
ORG,a Bid Opening Commit,38.pdf
ORG,Investigation Task Force,5.pdf
ORG,UNEP/PCAU Consultant,27.pdf
ORG,ID/OIOS Investigators,26.pdf
ORG,Public Procurement,5.pdf
ORG,Toshiba,82.pdf
ORG,the Board of Airport Pristina,51.pdf
ORG,Kosovo Force,4.pdf
ORG,United Nations Sec,4.pdf
ORG,Intérimaire des Nations,36.pdf
ORG,the Finance Division,26.pdf
ORG,United Nations Security Co,52.pdf
ORG,CPE,43.pdf
ORG,"Allegation 4 
 
(Specifically",43.pdf
ORG,"Carbon Emissions
WikiLeaks",105.pdf
ORG,TCS,2.pdf
ORG,UNDP HQ New York,21.pdf
ORG,the Investigation Task Force UNMIK/ED/2003/16,2.pdf
ORG,"UNITED NATIONS  
 
 
 
 
 
 
Investigation Task Force",2.pdf
ORG,Offi,4.pdf
ORG,"Investigation Task Force 
 
 
Allegations",31.pdf
ORG,"BACKGROUND INFORMATION 
 
4",73.pdf
ORG,Department of Agriculture,108.pdf
ORG,"the 
Public Enterprise Airport Pristina",5.pdf
ORG,UNMIK Regulation No 1/,11.pdf
ORG,"the 
Department of Justice",14.pdf
ORG,VIII,63.pdf
ORG,Intérimaire des Nations,38.pdf
ORG,SouthAfrica,113.pdf
ORG,STRICTLY,21.pdf
ORG,STRICTLY,82.pdf
ORG,Airport En,5.pdf
ORG,IV04/277/02,5.pdf
ORG,the Project Engineer,43.pdf
ORG,BACKGROUND INFORMATION,24.pdf
ORG,Nairobi-,69.pdf
ORG,the Cargo Apron Extension,43.pdf
ORG,"the 
Public Enterprise Airport Pristina",4.pdf
ORG,the Department of P olitical Affairs,73.pdf
ORG,U NON,21.pdf
ORG,UNITED NATIONS,10.pdf
ORG,• Employees,31.pdf
ORG,al l,16.pdf
ORG,VAT,16.pdf
ORG,House,89.pdf
ORG,Direc,26.pdf
ORG,"JapaneseMinisterofAgriculture,Forestry",110.pdf
ORG,TheGermanalsonotedthat,113.pdf
ORG,un,38.pdf
ORG,IATA,31.pdf
ORG,the Capital Expenditure Approval,45.pdf
ORG,KOCB,1.pdf
ORG,5the Task Force,82.pdf
ORG,UNMIK Finance Regulation,43.pdf
ORG,"the Chartered 
Accountants",5.pdf
ORG,UNITED NATIONS,9.pdf
ORG,Cabrera,82.pdf
ORG,hisGermancounterpart,113.pdf
ORG,"Japanesediplomatic
Z-3",113.pdf
ORG,UNMUK,35.pdf
ORG,STRICTLY,24.pdf
ORG,Register,26.pdf
ORG,"I. INTRODUCTION 
 
",9.pdf
ORG,United Nations,11.pdf
ORG,ITF,5.pdf
ORG,"the U.K. 
Immigration Department",47.pdf
ORG,the Consulting Firm,5.pdf
ORG,the United Nations Mission,60.pdf
ORG,the United Nation s Mission,63.pdf
ORG,the Civil Administration,43.pdf
ORG,Divisional,45.pdf
ORG,Divisional,39.pdf
ORG,Barclays in Seychelles,26.pdf
ORG,"U NMIK Finance Administrative 
Instruction 1999/2",5.pdf
ORG,justi fication,4.pdf
ORG,Negroponte and US Government Officials    ,24.pdf
ORG,UNMIK Pillar 2,2.pdf
ORG,United Nations Sec,11.pdf
ORG,"Ministry of Foreign
Affairs",107.pdf
ORG,the Investigation Task Force,47.pdf
ORG,"UNMIK 
Investigation Task Force  
 
                                       
Case",45.pdf
ORG,"the Office of Internal Oversight 
Services",82.pdf
ORG,UNMIK Bank Subject,52.pdf
ORG,UNMIK,10.pdf
ORG,ITB,16.pdf
ORG,the Procurement Official,43.pdf
ORG,KTA,45.pdf
ORG,ID/OIOS,21.pdf
ORG,"the Chartered 
Accountants",39.pdf
ORG,Gender Development,26.pdf
ORG,Human Rights Organizations,24.pdf
ORG,the  Office of Internal Oversight Services,63.pdf
ORG,Nokia 8850,2.pdf
ORG,the  Evaluation Company,43.pdf
ORG,"Tenders” 
 
Allegation 3 : that",38.pdf
ORG,"the 
Public Enterprise Airport Pristina",11.pdf
ORG,UNO N Personnel,69.pdf
ORG,Vendor,14.pdf
ORG,UNMIK Regulation No 1/,43.pdf
ORG,"Consolidated Budget 
Funds",10.pdf
ORG,Divisional,4.pdf
ORG,"2 
 
Provisional Criminal Code of",38.pdf
ORG,a Secret US National Security Agency,108.pdf
ORG,NZL,91.pdf
ORG,Ministry of Environment,107.pdf
ORG,"Headquarters 
Procurement Section",82.pdf
ORG,the American Government,24.pdf
ORG,the General Conditions,36.pdf
ORG,Council,31.pdf
ORG,ITF,44.pdf
ORG,the Investigations Division,63.pdf
ORG,UNMIK,2.pdf
ORG,ECA,26.pdf
ORG,"the ""Load Sheets",47.pdf
ORG,the Constitutional Framework for Provisional Self-G,2.pdf
ORG,"Office of Internal Oversight Services 
SUBJECT Allegations",27.pdf
ORG,Engineer,8.pdf
ORG,UN Oil-for-food,91.pdf
ORG,the Investigation Task Force,31.pdf
ORG,OHRMS,24.pdf
ORG,"the Chartered 
Accountants",4.pdf
ORG,United Nations,26.pdf
ORG,un,69.pdf
ORG,UNOPS,27.pdf
ORG,the Evaluat ion Company,43.pdf
ORG,ATCS,2.pdf
ORG,Insurance Company 1,36.pdf
ORG,Pillar,5.pdf
ORG,UNMIK Pillar IV,4.pdf
ORG,ITF,4.pdf
ORG,Authority,2.pdf
ORG,United Nations,43.pdf
ORG,Airport Pristina,51.pdf
ORG,NSA,108.pdf
ORG,the United Nations,69.pdf
ORG,UNMIK Department of Justic,1.pdf
ORG,SFRY,51.pdf
ORG,Kosovo Consolidated Budget Funds,5.pdf
ORG,NOFORN,89.pdf
ORG,Kosovo Force,43.pdf
ORG,the un iforms,38.pdf
ORG,Offi,26.pdf
ORG,United Nations Sec,43.pdf
ORG,Kosovo Consolidated Budget  Funds,5.pdf
ORG,un,49.pdf
ORG,UNMIL,63.pdf
ORG,IAD1/OIO S.,63.pdf
ORG,EU,111.pdf
ORG,Transportation,38.pdf
ORG,UN-SACCO Management,69.pdf
ORG,Pentium,82.pdf
ORG,KFOR,39.pdf
ORG,"DM 50,000",5.pdf
ORG,MFA,107.pdf
ORG,UNMIK Regulation,2.pdf
ORG,"the Kosovo Trust 
Agency",52.pdf
ORG,CONCLUSIONS,5.pdf
ORG,the Ministry of Finance,38.pdf
ORG,Divisional,11.pdf
ORG,Customs Service,51.pdf
ORG,Self-Government,2.pdf
ORG,NSA,106.pdf
ORG,the Finance Department,14.pdf
ORG,ITF,51.pdf
ORG,the D/SRSG Pillar IV,8.pdf
ORG,US National Security Agency,107.pdf
ORG,UNITED NATIONS,14.pdf
ORG,the Kosovo Trust Agency,5.pdf
ORG,Organization,63.pdf
ORG,DPKO,43.pdf
ORG,"BACKGROUND INFORMATION 
 
3",4.pdf
ORG,U.K. Immigration,47.pdf
ORG,the Bid Evaluation Committee,14.pdf
ORG,the United Nat ions Office,73.pdf
ORG,the Department of Justice,51.pdf
ORG,"the 
Office of the Legal Adviser",43.pdf
ORG,the Investigation Task Force,8.pdf
ORG,Financial Investigation Unit,13.pdf
ORG,UNMIK Fi,43.pdf
ORG,Public Procurement,10.pdf
ORG,"the Chartered 
Accountants",11.pdf
ORG,"European
Union",108.pdf
ORG,BACKGROUND,11.pdf
ORG,STRICTLY,2.pdf
ORG,"The Task 
Force",82.pdf
ORG,KFOR,4.pdf
ORG,CONCLUSIONS,47.pdf
ORG,the Flat Information Display System,44.pdf
ORG,UNIC EF/Somalia Management,69.pdf
ORG,the International Prosecutor,1.pdf
ORG,The Capital Expenditure Approval,44.pdf
ORG,ITF,11.pdf
ORG,the Evaluatio n Committee,8.pdf
ORG,PRIO,16.pdf
ORG,"the Organization”  
 
 
IV",63.pdf
ORG,Airport Engineer 1,8.pdf
ORG,"the UNMIK 
Office of the Legal Adviser",10.pdf
ORG,Ethiopian Foreign Ministry,24.pdf
ORG,UNMIK Bank Account,52.pdf
ORG,"I.  INTRODUCTION 
 
",52.pdf
ORG,Procure,8.pdf
ORG,UNICEF Management,69.pdf
ORG,NOFORN,107.pdf
ORG,ITF,38.pdf
ORG,"United Nations
 Nations",82.pdf
ORG,IOV,26.pdf
ORG,I. METHODOLOGY,39.pdf
ORG,UNMIK,14.pdf
ORG,Bid Eva luation Committee,14.pdf
ORG,"European
Union",106.pdf
ORG,the Office of the Legal Adviser,43.pdf
ORG,the United States Senate,24.pdf
ORG,DPKO Communica,82.pdf
ORG,Council,10.pdf
ORG,the Oil for Food Programme,82.pdf
ORG,UN,31.pdf
ORG,Army,4.pdf
ORG,Airport,39.pdf
ORG,Financial Regulation,27.pdf
ORG,Ministry of Finance,107.pdf
ORG,"United Nation s Interim 
Administration Mission",52.pdf
ORG,"Airline 3, Airline 4, Airl ine 5 and Airline",31.pdf
ORG,Internal Audit Unit,38.pdf
ORG,the Bid Opening Committee,38.pdf
ORG,the European Agency,16.pdf
ORG,"the United 
Nations Co-operative",69.pdf
ORG,UNON,69.pdf
ORG,BerndPfaffenback,113.pdf
ORG,Agenc,21.pdf
ORG,UNMIK Regulations,45.pdf
ORG,All Cargo Department,51.pdf
ORG,Council,9.pdf
ORG,Senate,24.pdf
ORG,"the European 
Union",52.pdf
ORG,Tender Documents,8.pdf
ORG,"Tenders” 
 
Allegation 4 :",38.pdf
ORG,SCS,112.pdf
ORG,POE,51.pdf
ORG,Divisional,43.pdf
ORG,Financial Rule 104.9,26.pdf
ORG,Release List,91.pdf
ORG,KTA Internal Audit,38.pdf
ORG,the Kosovo Trust Agency,4.pdf
ORG,the Investigation Task Force,9.pdf
ORG,"The Investigations Division of the Office of Intern al 
Oversight Services",24.pdf
ORG,the Border Boundary P,49.pdf
ORG,DOTI,39.pdf
ORG,BACKGROUND,26.pdf
ORG,the Civil Administration,5.pdf
ORG,Confidential G-8 Proposals,107.pdf
ORG,KFOR,11.pdf
ORG,the ATCS Employee,5.pdf
ORG,KID/OIOSK,15.pdf
ORG,ATCS Finance Office,2.pdf
ORG,Finance Office,2.pdf
ORG,Security Council Resolution 1244,16.pdf
ORG,Internal Audit Division 1,63.pdf
ORG,KPS Officer,13.pdf
ORG,Favou,14.pdf
ORG,"Department of 
Justice",13.pdf
ORG,White House,24.pdf
ORG,PDA,16.pdf
ORG,Finance,38.pdf
ORG,Participant,26.pdf
ORG,AUS,91.pdf
ORG,the ATC S Official and Official,2.pdf
ORG,Top Secret US National Security Agency,89.pdf
ORG,"Intérimaire des Nations    
       Unies",45.pdf
ORG,"Air 
Movements",9.pdf
ORG,Eastern,26.pdf
ORG,Non-Staff,13.pdf
ORG,Interna l Audit Unit,38.pdf
ORG,Transport and Infrastructure,43.pdf
ORG,"the Department of 
Justice",51.pdf
ORG,UN,91.pdf
ORG,"K
K
7.K ITF",15.pdf
ORG,Handling Fees,31.pdf
ORG,ITF,13.pdf
ORG,ITF,2.pdf
ORG,UNMIK Bank Accounts,52.pdf
ORG,"KT A. 
 
Background Information 
 
",45.pdf
ORG,Vendor,45.pdf
ORG,PEAP,49.pdf
ORG,the Finance Office,38.pdf
ORG,Southern Africa Sub Regional Meeting,26.pdf
ORG,Savings,69.pdf
ORG,Tender Documents,10.pdf
ORG,UNMIK Regulation No 1/,5.pdf
ORG,UN,8.pdf
ORG,UN,16.pdf
ORG,the Chartered Accountants - “,52.pdf
ORG,doc,10.pdf
ORG,the UNMIK Public Procurement Regula,43.pdf
ORG,the Department of Justice,13.pdf
ORG,OIOS,82.pdf
ORG,"Consolidated Budget 
Fund",5.pdf
ORG,the Chartered Accountants,52.pdf
ORG,"BACKGROUND INFORMATION 
 
2",47.pdf
ORG,"the Bid Evaluation 
Committee",38.pdf
ORG,"the Goods, Works or Services",4.pdf
ORG,"UNMIK 
Investigation Task Force  
 
  Pristina",1.pdf
ORG,evaluati on committee,39.pdf
ORG,The Task Force’s,82.pdf
ORG,"the Provisional 
Criminal Code of",52.pdf
ORG,Consulting Firm,39.pdf
ORG,the OIOS Investigators,24.pdf
ORG,UNMIK Pillar,51.pdf
ORG,the Kosovo Trust Agency,11.pdf
ORG,"THE ORGANIZATION  
 
 
ID  CASE",24.pdf
ORG,UN Rules and Regulations,24.pdf
ORG,Vendor,8.pdf
ORG,Vendor,16.pdf
ORG,"BACKGROUND INFORMATION 
 
4",8.pdf
ORG,ITF,49.pdf
ORG,Space Corporation,89.pdf
ORG,Pillar,10.pdf
ORG,Financial Rule,26.pdf
ORG,Procurement Offi,14.pdf
ORG,UN Financial Rules,16.pdf
ORG,"the Transport 
Sector of the UNMIK Directorate of Infrastructure A",39.pdf
ORG,OIOS,24.pdf
ORG,"the Task 
Force",82.pdf
ORG,UNMIK Ba nk Account,52.pdf
ORG,Netanyahusaid,112.pdf
ORG,SouthKorea,113.pdf
ORG,ge,26.pdf
ORG,Intérimaire des Nations,44.pdf
ORG,Kosovo Consolidated Budget Funds,10.pdf
ORG,KFOR,43.pdf
ORG,the Ministry,105.pdf
ORG,Kosovo Force,5.pdf
ORG,United Nations Sec,5.pdf
ORG,Barclays Bank PLC Independenc,26.pdf
ORG,Finance,2.pdf
ORG,De,2.pdf
ORG,the United Nations,27.pdf
ORG,Kosovo Consolidated Funds,36.pdf
ORG,DIGITAL,16.pdf
ORG,The Office for Coordination of Oversight of Public,2.pdf
ORG,the Procurement Department,82.pdf
ORG,the Evaluation Committee,39.pdf
ORG,"Investigation Task Force 
 
 
Irregularities",10.pdf
ORG,United Nations,27.pdf
ORG,Pillar,13.pdf
ORG,UNITED NATIONS,39.pdf
ORG,"the Kosovo 
Trust Agency",36.pdf
ORG,the  Department of Justice,36.pdf
ORG,UNHQ,21.pdf
ORG,ITF,35.pdf
ORG,UNMIK Regulation No 1/,31.pdf
ORG,the Air Traffic Control Services,31.pdf
ORG,"the 
Bank",26.pdf
ORG,the Independent Inquiry Committee,82.pdf
ORG,the basi s,82.pdf
ORG,Septe,10.pdf
ORG,SRO,24.pdf
ORG,"the United Nations 
Administrative Tribunal",69.pdf
ORG,"BACKGROUND INFORMATION 
 
4",10.pdf
ORG,Headquarters Committee on Contracts (H CC,82.pdf
ORG,"I. INTRODUCTION 
 
",39.pdf
ORG,"INVESTIGATION TASK FORCE 
 
Allegations of Bribes/Kickbacks for Employment",13.pdf
ORG,"the Aircraft ""Load Sheets",47.pdf
ORG,MTOW,47.pdf
ORG,Customs,51.pdf
ORG,USG,35.pdf
ORG,NSA,89.pdf
ORG,the United Nations,82.pdf
ORG,UNMIK Fi,5.pdf
ORG,Offi,47.pdf
ORG,Airline 2,51.pdf
ORG,Vendor 2 Represent,1.pdf
ORG,The Investigation Task Force,51.pdf
ORG,U N I T E D    N A T I O N,44.pdf
ORG,"BACKGROUND INFORMATION 
 
4",9.pdf
ORG,"the United 
Nations",69.pdf
ORG,"DM 14,357,949",11.pdf
ORG,"UNITED NATIONS                                           NATIONS UNIES 
 
",26.pdf
ORG,United Nations,82.pdf
ORG,The Task Force w ill,82.pdf
ORG,Internationa l Money Transfer,52.pdf
ORG,the Letter of Notification,45.pdf
ORG,"U N I T E D   N A T I O N S 
 
 
 
Office of Internal Oversight Services 
Investigations Division",60.pdf
ORG,"BACKGROUND INFORMATION 
 
",49.pdf
ORG,CPE,10.pdf
ORG,UNITED NATIONS,16.pdf
ORG,"Allegation 4 
 
(Specifically",10.pdf
ORG,UNITED NATIONS,4.pdf
ORG,Bid Opening Committee,14.pdf
ORG,"the Evaluation 
Company",43.pdf
ORG,The Investigation Task Force,36.pdf
ORG,UNMIK,45.pdf
ORG,the Bid Opening Committee (Procureme nt Officer 1 and,38.pdf
ORG,the Cargo Apron Extension,10.pdf
ORG,the Evaluation Company,10.pdf
ORG,IAU,38.pdf
ORG,Consulting Firm,11.pdf
ORG,Airport,13.pdf
ORG,Lusaka,24.pdf
ORG,Compaq,82.pdf
ORG,Investigat,52.pdf
ORG,"The Investigations Division, Office of Internal Ove rsight Services",26.pdf
ORG,EAR,16.pdf
ORG,United Nations,24.pdf
ORG,Organization:National Security Agency,89.pdf
ORG,"Assembly of Kosovo – Law on Public 
Financial Management and Accountability 2003/2",45.pdf
ORG,the Department of Just,13.pdf
ORG,UNMIK Finance Administrative Instruction,4.pdf
ORG,the Post-Conflict Assessment Unit (PCAU,27.pdf
ORG,DPKO,82.pdf
ORG,"the bank 
 7",2.pdf
ORG,"the Transport 
Sector of the UNMIK Directorate of Infrastructure A",11.pdf
ORG,the B id Evaluation Committee,14.pdf
ORG,Participant 1,26.pdf
ORG,the Air Traffic Control Services,8.pdf
ORG,UNDP Br atislava,21.pdf
ORG,"the Bid 
Evaluation Committee",38.pdf
ORG,DOTI,43.pdf
ORG,"the Subject UNMIK Bank 
Account",52.pdf
ORG,Contr,45.pdf
ORG,UNMIK Pillar,2.pdf
ORG,Divisional,5.pdf
ORG,KPristinaKAirportKstaffKcouldKnotK,15.pdf
ORG,UNMIK,8.pdf
ORG,UNMIK,16.pdf
ORG,Pentium III Toshiba,82.pdf
ORG,NSA,107.pdf
ORG,"the 
Public Enterprise Airport Pristina",31.pdf
ORG,the UNMIK Kosovo Interim Administration’s,8.pdf
ORG,Oil For Food,91.pdf
ORG,the Civil Administration,10.pdf
ORG,"RECOMMENDATIONS 
 
Based",73.pdf
ORG,Unies,44.pdf
ORG,United Nati ons Office,69.pdf
ORG,PPRB,5.pdf
ORG,the Authority of the Interim Administration,52.pdf
ORG,IAD1/OIOS,63.pdf
ORG,FIDS,44.pdf
ORG,Peacekeeping Investigations Unit,35.pdf
ORG,UNAT,69.pdf
ORG,Non Staff,13.pdf
ORG,"INVESTIGATION TASK FORCE 
 
Investigation into Allegations of Bribery",14.pdf
ORG,"the Pristina Airpo rt General Services 
Department",52.pdf
ORG,the National Security Agency,105.pdf
ORG,Consulting Company,10.pdf
ORG,Internal Audit Department,35.pdf
ORG,"Telecommunications 
Consultants of India (TCIL",82.pdf
ORG,Competitive Shopping,4.pdf
ORG,Sub,52.pdf
ORG,"the Procurement 
Officer",4.pdf
ORG,Airport Pristina,47.pdf
ORG,the Procurement Official,10.pdf
ORG,UNEP,27.pdf
ORG,Vendor,43.pdf
ORG,UNMIK Pillar IV,5.pdf
ORG,TS//SI//NF)EU,110.pdf
ORG,• UNDP Bratislava,21.pdf
ORG,the Department of Transport,8.pdf
ORG,Vendor 5,16.pdf
ORG,MFA,105.pdf
ORG,"I. INTRODUCTION 
 
",11.pdf
ORG,National Security Agency,108.pdf
ORG,the Official Status Files,69.pdf
ORG,the  Evaluation Company,10.pdf
ORG,"the United Nations Environment 
Programme",27.pdf
ORG,the Bid Opening Co,38.pdf
ORG,OIC,24.pdf
ORG,favou,14.pdf
ORG,"K
K
3.K TheKissuesKidentifiedKinKtheKletterKbyKtheKAirli",15.pdf
ORG,Kosovo Force,11.pdf
ORG,EC,24.pdf
ORG,Fujitsu,82.pdf
ORG,UNMIK Regulation No 1/,10.pdf
ORG,ITB,82.pdf
ORG,the Company Represent,51.pdf
ORG,Customs,2.pdf
ORG,Slovakia,21.pdf
ORG,LLC,82.pdf
ORG,VAT,51.pdf
ORG,OLAF,36.pdf
ORG,PEA,4.pdf
ORG,Airport,35.pdf
ORG,UNMIK,52.pdf
ORG,STRICTLY,63.pdf
ORG,the UNMIK Kosovo Interim Administration’s,10.pdf
ORG,ITF,47.pdf
ORG,the Final Report,1.pdf
ORG,UNMIK,36.pdf
ORG,Sony,82.pdf
ORG,ST/Al/l999/7 II 2,27.pdf
ORG,Engineer,39.pdf
ORG,ICAA,35.pdf
ORG,UNMIK,9.pdf
ORG,the Bid Evaluat ion Committee,14.pdf
ORG,"the Japanese Ministry of Economy, Trade and Industry",105.pdf
ORG,"the Transport 
Sector of the UNMIK Directorate of Infrastructure A",43.pdf
ORG,Account,52.pdf
ORG,National Security Agency,106.pdf
ORG,Department,51.pdf
ORG,ag,24.pdf
ORG,ID/OIOS Investigation,69.pdf
ORG,UNMIK Police,49.pdf
ORG,STRICTLY,16.pdf
ORG,the Balkans Task Force,27.pdf
ORG,METHODOLOGY,24.pdf
ORG,Field Procurement,82.pdf
ORG,United Nations,10.pdf
ORG,the Cargo Department Finance Office,51.pdf
ORG,TCIL,82.pdf
GPE,althoughshe,114.pdf
GPE,U.S.,89.pdf
GPE,Somalia,69.pdf
GPE,Tokyo,106.pdf
GPE,US,107.pdf
GPE,Nairobi,73.pdf
GPE,Organizati,82.pdf
GPE,Vienna,35.pdf
GPE,Somalia,89.pdf
GPE,India,113.pdf
GPE,Kosovo,10.pdf
GPE,KatK+44K1K26060K5406.K,15.pdf
GPE,ORCON,89.pdf
GPE,United States,105.pdf
GPE,Zambia,24.pdf
GPE,ST,60.pdf
GPE,Fraud,51.pdf
GPE,Victoria,26.pdf
GPE,UNON,69.pdf
GPE,US,108.pdf
GPE,Airport,44.pdf
GPE,Liberia,63.pdf
GPE,Kosovo,15.pdf
GPE,Rome,111.pdf
GPE,Ven,38.pdf
GPE,ST,16.pdf
GPE,SPUVESEK,16.pdf
GPE,KPS,13.pdf
GPE,Yemen,89.pdf
GPE,U.S.,105.pdf
GPE,TherewasaconvictioninbothBrusselsandTokyo,110.pdf
GPE,capital,4.pdf
GPE,Kosovo,8.pdf
GPE,the United States,105.pdf
GPE,Kosovo,13.pdf
GPE,Kosovo,2.pdf
GPE,Airport Prishtina,2.pdf
GPE,AUS,91.pdf
GPE,Fraud,21.pdf
GPE,Pristina,5.pdf
GPE,UK,2.pdf
GPE,KITFKKosovo,15.pdf
GPE,Thunderb,82.pdf
GPE,Stokykov,24.pdf
GPE,Kosovo,1.pdf
GPE,China,89.pdf
GPE,Iceland,5.pdf
GPE,Bratislava,21.pdf
GPE,Russia,89.pdf
GPE,administrati,36.pdf
GPE,AUS,107.pdf
GPE,Vienna,36.pdf
GPE,Offici,13.pdf
GPE,Italy,5.pdf
GPE,Shinf ield Park,2.pdf
GPE,Kosovo,49.pdf
GPE,ST,26.pdf
GPE,Airport,47.pdf
GPE,Airport,51.pdf
GPE,Monrovia,63.pdf
GPE,China,106.pdf
GPE,Kenya,69.pdf
GPE,Pristina,52.pdf
GPE,USA,24.pdf
GPE,Fush,49.pdf
GPE,Kosovo,45.pdf
GPE,Washington,89.pdf
GPE,Kosovo,39.pdf
GPE,Kosovo,52.pdf
GPE,IAD1,63.pdf
GPE,Australia,107.pdf
GPE,U.S.,106.pdf
GPE,Kosovo,9.pdf
GPE,raq,49.pdf
GPE,Kenya,73.pdf
GPE,United States,89.pdf
GPE,the United States',107.pdf
GPE,New York,73.pdf
GPE,Liberia,60.pdf
GPE,U.S.,91.pdf
GPE,la nding,47.pdf
GPE,"New 
Zealand",107.pdf
GPE,United States of America,24.pdf
GPE,Regio,49.pdf
GPE,US,26.pdf
GPE,Iraq,91.pdf
GPE,Kosovo,16.pdf
GPE,Prishtina,2.pdf
GPE,Kosovo,4.pdf
GPE,METI,105.pdf
GPE,ST,24.pdf
GPE,Kosovo,5.pdf
GPE,Pristina,14.pdf
GPE,Washington,91.pdf
GPE,METI,107.pdf
GPE,Washington,105.pdf
GPE,Kosovo,14.pdf
GPE,Port Louis,26.pdf
GPE,Brazil,113.pdf
GPE,Gigiri,73.pdf
GPE,United States,91.pdf
GPE,U.S.,108.pdf
GPE,United States,105.pdf
GPE,Pristina,47.pdf
GPE,Nairobi,24.pdf
GPE,Japan,105.pdf
GPE,Australia,113.pdf
GPE,Kosovo,47.pdf
GPE,Kosovo,51.pdf
GPE,USA,89.pdf
GPE,Thunderbird,82.pdf
GPE,United States,107.pdf
GPE,London,2.pdf
GPE,UK,47.pdf
GPE,Johannesburg,21.pdf
GPE,Investig,69.pdf
GPE,Olokodana,24.pdf
GPE,Great Britain,107.pdf
GPE,US,24.pdf
GPE,Washington,108.pdf
GPE,Turkey,89.pdf
GPE,Kosovo,36.pdf
GPE,Kosovo,44.pdf
GPE,Pristina,11.pdf
GPE,ST,69.pdf
GPE,Italy,2.pdf
GPE,Lusaka,24.pdf
GPE,Kosovo,11.pdf
GPE,United States,108.pdf
GPE,06/2002,2.pdf
GPE,Pristina,38.pdf
GPE,METI,106.pdf
GPE,Pakistan,89.pdf
GPE,Japan,108.pdf
GPE,Afghanistan,89.pdf
GPE,Kosovo,38.pdf
GPE,Compan,52.pdf
GPE,Vendor,14.pdf
GPE,Pristina,31.pdf
GPE,Howeve,73.pdf
GPE,USA,91.pdf
GPE,Nairobi,21.pdf
GPE,USA,105.pdf
GPE,France,89.pdf
GPE,Complicity,51.pdf
GPE,United States,106.pdf
GPE,Vienna,15.pdf
GPE,USA,107.pdf
GPE,London,36.pdf
GPE,Japan,106.pdf
GPE,United Kingdom,2.pdf
GPE,India,106.pdf
GPE,US,69.pdf
GPE,Canada,2.pdf
GPE,Italy,111.pdf
GPE,Spain,111.pdf
GPE,Canada,107.pdf
GPE,New York,82.pdf
GPE,ST,63.pdf
GPE,Washington DC,105.pdf
GPE,inanexchangeon10DecemberwithGerman,114.pdf
GPE,includingItaly,112.pdf
GPE,USA,108.pdf
GPE,US,89.pdf
GPE,Supervisor,52.pdf
GPE,Representa,44.pdf
GPE,Japan,107.pdf
GPE,the United States of America,24.pdf
GPE,Valentini,111.pdf
GPE,Pristin,36.pdf
GPE,Vendor,38.pdf
GPE,Monrovia,21.pdf
GPE,France,91.pdf
GPE,Slovakia,21.pdf
GPE,Kosovo,43.pdf
GPE,Airport,35.pdf
GPE,Iceland,35.pdf
GPE,andMexico,113.pdf
GPE,Pristina,1.pdf
GPE,Tokyo,108.pdf
GPE,Ljubljana,1.pdf
GPE,USA,106.pdf
GPE,Iran,89.pdf
GPE,Offici,26.pdf
GPE,PD,82.pdf
GPE,Seychelles,26.pdf
GPE,ST,73.pdf
GPE,Ven,14.pdf
GPE,Indonesia,113.pdf
GPE,Building,1.pdf
GPE,Kosovo,31.pdf
GPE,"the United 
Kingdom",2.pdf
GPE,Beirut,51.pdf
GPE,Nairobi,69.pdf
GPE,D.C.,89.pdf
PERSON,Simila,14.pdf
PERSON,Offic,63.pdf
PERSON,Sanjaya Bahe l,82.pdf
PERSON,Restraint,106.pdf
PERSON,Levitte,89.pdf
PERSON,Mzumara,24.pdf
PERSON,Kohli,82.pdf
PERSON,Airpo rt Official,14.pdf
PERSON,Photocopying Assi,21.pdf
PERSON,Nicolas Sarkozy,89.pdf
PERSON,ed Nations,63.pdf
PERSON,Expenditures,45.pdf
PERSON,"Pernod
Ricard",89.pdf
PERSON,Constitutio,52.pdf
PERSON,Economic Law,1.pdf
PERSON,Vendor 4,16.pdf
PERSON,Pierre Vimont,89.pdf
PERSON,Sanjaya Bahel,82.pdf
PERSON,Jean-Marie Guehenno,35.pdf
PERSON,irregularl,8.pdf
PERSON,ed,21.pdf
PERSON,don e.,14.pdf
PERSON,Abebe,24.pdf
PERSON,Herman Van Rompuy,111.pdf
PERSON,Vendor 2’s,39.pdf
PERSON,KJamesKWasserstrom,15.pdf
PERSON,Pris,2.pdf
PERSON,Email,24.pdf
PERSON,Liaison,26.pdf
PERSON,Jean­David Levitte,89.pdf
PERSON,Bongoy – Mawalla,24.pdf
PERSON,Vendor 2’s,4.pdf
PERSON,I. Background,38.pdf
PERSON,Vendor 2,8.pdf
PERSON,Ko,39.pdf
PERSON,La Cresta,82.pdf
PERSON,KSørenKJessenAPetersenK,15.pdf
PERSON,Airlin,47.pdf
PERSON,Ko,4.pdf
PERSON,"Carbon Emissions
WikiLeaks",106.pdf
PERSON,relat ed,2.pdf
PERSON,"itwouldbedifficultfortheUNtomakea
commitmentinPoznan.BanalsomaintainedthatsincethenewU.S.administrationwillhavea",114.pdf
PERSON,V. Recommendations,14.pdf
PERSON,La Cresta’s,82.pdf
PERSON,Cheney,24.pdf
PERSON,Mr. Ba hel,82.pdf
PERSON,ed bribery case,49.pdf
PERSON,Euro,5.pdf
PERSON,Vendor 2’s,38.pdf
PERSON,UNDP Bratislava,21.pdf
PERSON,Ko,51.pdf
PERSON,Bidding,16.pdf
PERSON,Sahel,89.pdf
PERSON,Pernod,89.pdf
PERSON,Border Control,16.pdf
PERSON,Patrick Ricard,89.pdf
PERSON,Offici al 4,26.pdf
PERSON,Pri,51.pdf
PERSON,Ko,11.pdf
PERSON,hasgivennoticethatitintendstostriveforalong-termcommitmenton,113.pdf
PERSON,Restraint,107.pdf
PERSON,Vendor 1,44.pdf
PERSON,Masakazu Toyoda,106.pdf
PERSON,Nicolas Sarkozy,111.pdf
PERSON,approva l,47.pdf
PERSON,M,24.pdf
PERSON,Sanjaya,82.pdf
PERSON,Airport,2.pdf
PERSON,Pri,38.pdf
PERSON,Airport Official,38.pdf
PERSON,Committ,38.pdf
PERSON,li,10.pdf
PERSON,Dickson Mzumara,24.pdf
PERSON,Nobutaka Machimura,107.pdf
PERSON,MONUC,43.pdf
PERSON,Vendor 4,1.pdf
PERSON,Z­3,105.pdf
PERSON,Ali Todaro,24.pdf
PERSON,Berlusconi,111.pdf
PERSON,Top Secret,106.pdf
PERSON,D. Interviews,69.pdf
PERSON,Dell,82.pdf
PERSON,Silvio Berlusconi,111.pdf
PERSON,Sarkozy,89.pdf
PERSON,Works,39.pdf
PERSON,John Kerry,24.pdf
PERSON,Mark Gough,35.pdf
PERSON,"KTheKancillaryKissuesKofKtheK
disputedKmailKhandlingKrateKandKtheKapplicationKofK",15.pdf
PERSON,Divis,43.pdf
PERSON,Se,60.pdf
PERSON,Vendor 1’s,14.pdf
PERSON,Pri,2.pdf
PERSON,al,43.pdf
PERSON,Membe,8.pdf
PERSON,mem ber,24.pdf
PERSON,Levitte,91.pdf
PERSON,LaCresta,82.pdf
PERSON,Cramer Antenna,1.pdf
PERSON,John Todd,35.pdf
PERSON,Divis,49.pdf
PERSON,Ca,82.pdf
PERSON,I.      ,24.pdf
PERSON,Fu,82.pdf
PERSON,KMarkKGough,15.pdf
PERSON,"Vendor 2 
Representative",44.pdf
PERSON,Articles 15.1,8.pdf
PERSON,Toyoda,106.pdf
PERSON,Euro,2.pdf
PERSON,"KwasKprovidedKwithKaKcopyKofKaKletterKdatedK28K
MayK2004,KfromKtheKCargoKManagerKofKanKAirlineKtoKa KStaffKMemberKofKPublicKEnterpriseK",15.pdf
PERSON,Partner 4’s,51.pdf
PERSON,Paul-Lachal Roberts,36.pdf
PERSON,"KPristinaKAirportKcollectsKmailA
handlingKrevenuesKonKbehalfKofKtheKAirlineKandKdepo",15.pdf
PERSON,Partner 4,51.pdf
PERSON,Vintzis,24.pdf
PERSON,irregularl,39.pdf
PERSON,Walter Cabrera,82.pdf
PERSON,passeng,11.pdf
PERSON,Gen,73.pdf
PERSON,Euros,51.pdf
PERSON,Shinzo Abe,105.pdf
PERSON,chao s,26.pdf
PERSON,su,69.pdf
PERSON,ed PT.8’s,26.pdf
PERSON,Regul,73.pdf
PERSON,monie,51.pdf
PERSON,James Wasserstrom,36.pdf
PERSON,Ai,2.pdf
PERSON,Ko,5.pdf
PERSON,ma,82.pdf
PERSON,Vendor 2,39.pdf
PERSON,nam e,8.pdf
PERSON,Top Secret,89.pdf
PERSON,Vendor 1,14.pdf
PERSON,KbyKthisKmemorandum,15.pdf
PERSON,Revi,38.pdf
PERSON,Cherry,108.pdf
PERSON,Vendor 2,16.pdf
PERSON,Specia,24.pdf
PERSON,Vendor 2,4.pdf
PERSON,hose,2.pdf
PERSON,KthatKnoKf,15.pdf
PERSON,Restraint,105.pdf
PERSON,V. CONCLUSION,51.pdf
PERSON,"s. 
 
",24.pdf
PERSON,E. Interview,24.pdf
PERSON,ed,4.pdf
PERSON,Alexander Yakovlev,82.pdf
PERSON,Ko,31.pdf
PERSON,"ntKofKPristinaKAirportKforKtheKhandlingKofK
theKoutgoingKmailKofKaKMemberKState’sKKFOR.KAtKtheK time",15.pdf
PERSON,Pristina,1.pdf
PERSON,Masakazu Toyoda,106.pdf
PERSON,Gov,24.pdf
PERSON,Pri,31.pdf
PERSON,Sta,82.pdf
PERSON,ed Nations,69.pdf
PERSON,Stoykov,24.pdf
PERSON,Vendor 2,38.pdf
PERSON,Nishan Kohli,82.pdf
PERSON,Angela Merkel,111.pdf
PERSON,Hajvali,13.pdf
PERSON,KInKtheKletter,15.pdf
PERSON,G-8,107.pdf
PERSON,George W Bush,105.pdf
PERSON,"KthatK
PristinaKAirportKhadKretroactivelyKreducedKitsKhand lingKchargesKforKoutgoingKmailKtoK€0.12/kgK
andKwasKnoKlongerKchargingKVAT.KPristinaKAirportKst affKconfirmedKthisKinformationKandKadvisedK",15.pdf
PERSON,Procurem,38.pdf
PERSON,Ba hel,82.pdf
PERSON,KadvisesKyouKthatKeviden,15.pdf
PERSON,Howev,24.pdf
PERSON,Vendor 3,16.pdf
PERSON,Simila,38.pdf
PERSON,DISCUSSION,82.pdf
PERSON,Vendor 3,4.pdf
PERSON,MONUC,10.pdf
PERSON,"8,000.00 Euros",51.pdf
PERSON,Euro,31.pdf
PERSON,Ko,10.pdf
PERSON,ed with de-,31.pdf
PERSON,Bush,24.pdf
PERSON,Divisi,43.pdf
PERSON,Top Secret,108.pdf
PERSON,dealin gs,60.pdf
PERSON,Ko,9.pdf
PERSON,Contract,52.pdf
PERSON,ed,43.pdf
PERSON,Airpo rt Official,38.pdf
PERSON,Divis,10.pdf
PERSON,Walter Cab,82.pdf
PERSON,I. Background,14.pdf
PERSON,"John 
Kerry",24.pdf
PERSON,al systems,24.pdf
PERSON,Membe,39.pdf
PERSON,Ambassad,24.pdf
PERSON,2 Representative,44.pdf
PERSON,Vendor 1,8.pdf
PERSON,Vendor 1,16.pdf
PERSON,noti,52.pdf
PERSON,issu ed,2.pdf
PERSON,Jane Redfern,82.pdf
PERSON,Jean-David Levitte,89.pdf
PERSON,don e.,38.pdf
PERSON,Cabrera,82.pdf
PERSON,Negroponte,24.pdf
PERSON,Dodd,24.pdf
PERSON,Vendor 2,1.pdf
PERSON,Vendor 2’s,14.pdf
PERSON,Articles 15.1,39.pdf
PERSON,Bahel,82.pdf
PERSON,chec k,21.pdf
PERSON,al,49.pdf
PERSON,Doubles Down,106.pdf
PERSON,Olokodana,24.pdf
PERSON,Pu blic Forests,16.pdf
PERSON,Negro,24.pdf
PERSON,Airport,1.pdf
PERSON,assertionsKwereKconfirmedKinKcopiesKofKcorrectedKin,15.pdf
PERSON,possib le,69.pdf
PERSON,Boss,24.pdf
PERSON,Annex Agreement Ref,5.pdf
PERSON,Pri,14.pdf
PERSON,Airport Official,14.pdf
PERSON,Committ,14.pdf
PERSON,Pierre Vimont,89.pdf
PERSON,Cabrer,82.pdf
PERSON,Partn,51.pdf
PERSON,Valentino Valentini,111.pdf
PERSON,Cap,45.pdf
PERSON,w ho,2.pdf
PERSON,UNMIL,63.pdf
PERSON,Top Secret,91.pdf
PERSON,Top Secret,105.pdf
PERSON,V. Recommendations,38.pdf
PERSON,nam e,39.pdf
PERSON,Klaus Toepfer,27.pdf
PERSON,Pernod Ricard,89.pdf
PERSON,se al,69.pdf
PERSON,Hiwot Abebe,24.pdf
PERSON,explana tions,26.pdf
PERSON,Hiwot,24.pdf
PERSON,Copy,36.pdf
PERSON,Vendor 3,1.pdf
PERSON,Vendor 2,44.pdf
PERSON,Vendor 3’s,16.pdf
PERSON,Vendor 3’s,4.pdf
PERSON,Atlas,21.pdf
PERSON,Kshs,69.pdf
PERSON,Vendor 1’s,4.pdf
PERSON,Sarkozy,111.pdf
PERSON,ade,36.pdf
PERSON,UNMIL,60.pdf
PERSON,Supervisor,21.pdf
PERSON,Top Secret,107.pdf
PERSON,Charles Brayshaw,35.pdf
PERSON,Wolfgang Nikolaus,36.pdf
PERSON,Barbara Dixon,27.pdf
PERSON,Vendor 2’s,8.pdf
PERSON,John Negroponte,24.pdf
PERSON,"KtheKCargoKManagerK referredKtoKseveralKproblemsKrelativeKtoKanK
",15.pdf
PERSON,al,24.pdf
PERSON,Carbon Emissions,105.pdf
PERSON,Mark Gough,36.pdf
PERSON,Vendor 1’s,38.pdf
PERSON,Francis Montil,27.pdf
PERSON,Ko,8.pdf
PERSON,Howev,21.pdf
PERSON,John Negropont,24.pdf
PERSON,"Negroponte  
",24.pdf
PERSON,Divisi,10.pdf
PERSON,WPVI,35.pdf
PERSON,includin g,2.pdf
PERSON,ed,10.pdf
PERSON,withdra,2.pdf
PERSON,mem ber 4,13.pdf
PERSON,perpetrat ed,24.pdf
PERSON,Se,24.pdf
PERSON,Divisi,2.pdf
PERSON,Files,69.pdf
PERSON,Thunderbird,82.pdf
PERSON,Revi,14.pdf
PERSON,Vimont,89.pdf
PERSON,Vendor 1,39.pdf
PERSON,KThis Kterminology,15.pdf
PERSON,al,10.pdf
PERSON,Ven,16.pdf
PERSON,Bush,105.pdf
PERSON,Pri,11.pdf
PERSON,Søren Jessen-Petersen,36.pdf
PERSON,Jean-David Levitte,91.pdf
PERSON,Vendor 1,4.pdf
PERSON,Euro,4.pdf
PERSON,ed,49.pdf
PERSON,Consultan,21.pdf
PERSON,Barack Obama,89.pdf
PERSON,"Cherry Feud
WikiLeaks",108.pdf
PERSON,MAFF,108.pdf
PERSON,KTA,5.pdf
PERSON,li,43.pdf
PERSON,Ko,43.pdf
PERSON,"Saddam Hussein
Restraint",91.pdf
PERSON,Stoy,24.pdf
PERSON,tempora,4.pdf
PERSON,Vendor 5,16.pdf
PERSON,Vendor 2,14.pdf
PERSON,passeng,31.pdf
PERSON,Officia,26.pdf
PERSON,Z­3,89.pdf
PERSON,Euro,11.pdf
PERSON,Abe,105.pdf
PERSON,Vendor 1,38.pdf
PERSON,ed with de-,11.pdf
PERSON,provid ed,2.pdf
PERSON,Works,8.pdf
PERSON,Ge,73.pdf
PERSON,Procurem,14.pdf
PERSON,Ktherefore,15.pdf
PERSON,relat ed,5.pdf
